Order_ID,Order_Date,Region,Shipping_Mode,Product_Category,Customer_Segment,Shipment_Volume,Distance_km,Weather_Risk,Traffic_Index,Warehouse_Load,Scheduled_Days,Actual_Delivery_Days,Delivery_Delay_Days,Late_Delivery,Transport_Cost,Order_Value,Inventory_Units,Stockout
ORD-100000,2025-01-01 00:00:00.000000000,West,Second Class,Home & Kitchen,Retail,11,296,Low,26.8,74.0,3.2,2.8,-0.4,0,90.29,559.53,570,0
ORD-100001,2025-01-01 05:49:40.386924616,South,Same Day,Sports,Retail,10,44,Medium,82.4,78.1,1.7,2.7,1.0,1,81.31,1107.43,559,0
ORD-100002,2025-01-01 11:39:20.773849232,West,Standard Class,Electronics,Wholesale,2,666,Low,73.2,80.9,4.4,5.4,1.0,1,120.68,200.74,563,0
ORD-100003,2025-01-01 17:29:01.160773849,East,Standard Class,Sports,Retail,3,421,Low,61.3,60.8,3.9,5.0,1.1,1,85.53,160.31,69,0
ORD-100004,2025-01-01 23:18:41.547698465,North,First Class,Electronics,Retail,12,62,Low,58.0,67.8,2.3,3.4,1.1,1,77.99,1411.64,310,0
ORD-100005,2025-01-02 05:08:21.934623082,West,Second Class,Home & Kitchen,Retail,12,1171,Medium,79.9,74.3,5.1,7.3,2.2,1,168.99,941.57,142,0
ORD-100006,2025-01-02 10:58:02.321547698,West,Second Class,Sports,Retail,12,908,High,76.8,58.9,4.7,7.5,2.8,1,125.48,648.59,67,0
ORD-100007,2025-01-02 16:47:42.708472314,West,Standard Class,Electronics,Retail,4,1367,Medium,75.8,46.8,5.7,7.2,1.5,1,171.94,255.26,241,0
ORD-100008,2025-01-02 22:37:23.095396931,North,Standard Class,Electronics,Wholesale,11,731,Low,63.2,52.1,4.5,5.7,1.2,1,125.9,1227.78,263,0
ORD-100009,2025-01-03 04:27:03.482321547,South,Second Class,Sports,Retail,2,669,Low,48.7,61.1,4.1,4.7,0.6,1,90.2,267.86,184,0
ORD-100010,2025-01-03 10:16:43.869246164,South,Standard Class,Clothing,Retail,3,1267,Low,68.8,75.6,5.5,8.1,2.6,1,164.12,250.81,77,0
ORD-100011,2025-01-03 16:06:24.256170780,West,Standard Class,Home & Kitchen,Retail,10,140,Low,69.7,85.1,3.3,3.8,0.5,1,64.85,429.09,250,0
ORD-100012,2025-01-03 21:56:04.643095396,East,Second Class,Home & Kitchen,Corporate,13,555,Low,51.6,43.3,3.7,5.0,1.3,1,133.14,596.17,101,0
ORD-100013,2025-01-04 03:45:45.030020013,West,Second Class,Sports,Retail,14,1202,Medium,48.7,55.4,4.9,7.0,2.1,1,186.62,1396.52,34,1
ORD-100014,2025-01-04 09:35:25.416944629,South,First Class,Electronics,Retail,20,453,Medium,75.4,59.3,3.3,4.5,1.2,1,131.75,1418.02,276,0
ORD-100015,2025-01-04 15:25:05.803869246,North,Standard Class,Sports,Retail,18,1330,Low,85.0,77.7,5.6,7.5,1.9,1,206.09,1398.58,48,0
ORD-100016,2025-01-04 21:14:46.190793862,East,Standard Class,Home & Kitchen,Retail,8,440,Medium,41.5,56.6,4.0,5.4,1.4,1,84.7,549.36,579,0
ORD-100017,2025-01-05 03:04:26.577718479,North,Same Day,Electronics,Retail,16,632,Medium,50.3,58.1,2.8,4.2,1.4,1,146.96,1286.58,504,0
ORD-100018,2025-01-05 08:54:06.964643095,West,Standard Class,Clothing,Wholesale,2,1348,Low,61.3,42.4,5.8,7.4,1.6,1,164.58,232.71,556,0
ORD-100019,2025-01-05 14:43:47.351567711,East,Standard Class,Electronics,Retail,18,380,Low,63.8,72.7,3.9,5.0,1.1,1,126.7,1566.75,70,0
ORD-100020,2025-01-05 20:33:27.738492328,East,Standard Class,Clothing,Retail,8,1453,Low,45.6,62.4,6.3,7.8,1.5,1,191.6,448.41,284,0
ORD-100021,2025-01-06 02:23:08.125416944,South,Second Class,Sports,Retail,16,85,Low,88.9,54.5,2.9,3.6,0.7,1,88.38,1309.31,496,0
ORD-100022,2025-01-06 08:12:48.512341561,West,First Class,Clothing,Wholesale,20,413,Low,62.6,60.8,3.2,3.5,0.3,1,113.39,1587.55,349,0
ORD-100023,2025-01-06 14:02:28.899266177,West,First Class,Clothing,Corporate,15,895,Low,64.6,83.0,4.5,5.7,1.2,1,170.81,1329.53,190,0
ORD-100024,2025-01-06 19:52:09.286190793,West,Second Class,Clothing,Wholesale,19,899,Low,86.7,48.9,4.5,5.9,1.4,1,181.38,891.73,500,0
ORD-100025,2025-01-07 01:41:49.673115410,North,Standard Class,Electronics,Retail,1,1367,Low,46.9,51.5,5.7,6.3,0.6,1,153.1,90.6,192,0
ORD-100026,2025-01-07 07:31:30.060040026,South,Standard Class,Electronics,Wholesale,4,1441,Medium,53.4,85.0,5.6,7.9,2.3,1,179.6,384.72,584,0
ORD-100027,2025-01-07 13:21:10.446964643,North,Standard Class,Home & Kitchen,Wholesale,13,1023,Medium,32.4,66.2,5.3,6.8,1.5,1,176.04,825.85,69,0
ORD-100028,2025-01-07 19:10:50.833889259,North,Standard Class,Sports,Retail,11,997,Low,51.9,75.7,4.8,5.5,0.7,1,169.34,1072.25,426,0
ORD-100029,2025-01-08 01:00:31.220813875,East,Standard Class,Clothing,Retail,3,489,Low,28.2,71.4,4.2,4.5,0.3,1,81.27,225.9,17,1
ORD-100030,2025-01-08 06:50:11.607738492,East,Standard Class,Home & Kitchen,Wholesale,15,1213,Low,68.5,64.4,5.3,6.6,1.3,1,168.96,875.94,549,0
ORD-100031,2025-01-08 12:39:51.994663108,West,Standard Class,Electronics,Retail,2,972,Low,62.6,59.4,4.9,6.7,1.8,1,114.73,223.88,219,0
ORD-100032,2025-01-08 18:29:32.381587725,South,Second Class,Electronics,Wholesale,20,55,Low,50.0,78.3,2.6,3.1,0.5,1,95.93,1450.07,22,1
ORD-100033,2025-01-09 00:19:12.768512341,South,Second Class,Electronics,Retail,4,1252,Low,53.2,83.6,5.3,7.0,1.7,1,176.15,237.45,502,0
ORD-100034,2025-01-09 06:08:53.155436958,South,Standard Class,Home & Kitchen,Retail,9,552,Low,68.7,82.3,4.2,5.2,1.0,1,105.72,1023.09,580,0
ORD-100035,2025-01-09 11:58:33.542361574,North,Standard Class,Sports,Retail,17,724,High,34.6,46.0,4.3,6.0,1.7,1,139.44,1314.01,552,0
ORD-100036,2025-01-09 17:48:13.929286190,North,First Class,Sports,Wholesale,11,739,Low,58.7,85.9,4.0,5.3,1.3,1,127.16,1363.42,296,0
ORD-100037,2025-01-09 23:37:54.316210807,South,Second Class,Electronics,Corporate,15,1234,Medium,67.6,59.3,5.0,6.9,1.9,1,182.12,837.62,46,0
ORD-100038,2025-01-10 05:27:34.703135423,North,First Class,Electronics,Retail,15,416,Low,22.9,52.9,3.2,3.3,0.1,0,113.47,1786.28,144,0
ORD-100039,2025-01-10 11:17:15.090060040,East,Standard Class,Sports,Retail,19,600,Low,67.3,62.3,4.4,5.0,0.6,1,130.02,2155.72,28,1
ORD-100040,2025-01-10 17:06:55.476984656,South,First Class,Clothing,Retail,10,77,High,24.9,78.3,2.6,4.5,1.9,1,84.55,451.03,36,0
ORD-100041,2025-01-10 22:56:35.863909272,West,Standard Class,Home & Kitchen,Retail,20,536,Low,52.9,73.6,3.8,4.9,1.1,1,139.17,1726.27,103,0
ORD-100042,2025-01-11 04:46:16.250833889,East,Standard Class,Home & Kitchen,Corporate,11,150,Low,34.1,60.9,3.6,4.1,0.5,1,111.29,1072.6,342,0
ORD-100043,2025-01-11 10:35:56.637758505,South,Standard Class,Clothing,Retail,18,883,High,80.8,78.4,4.8,8.5,3.7,1,154.27,1503.76,462,0
ORD-100044,2025-01-11 16:25:37.024683122,West,Standard Class,Sports,Retail,15,1342,Low,34.2,67.2,5.6,7.3,1.7,1,212.75,1121.38,355,0
ORD-100045,2025-01-11 22:15:17.411607738,West,Standard Class,Home & Kitchen,Retail,3,708,Low,25.3,55.8,4.5,4.3,-0.2,0,123.01,395.24,130,0
ORD-100046,2025-01-12 04:04:57.798532354,South,Standard Class,Clothing,Corporate,13,1370,Low,57.4,53.7,5.4,6.3,0.9,1,188.5,1361.61,365,0
ORD-100047,2025-01-12 09:54:38.185456971,South,First Class,Sports,Retail,18,1467,Low,47.6,71.6,5.1,5.9,0.8,1,209.27,2325.65,146,0
ORD-100048,2025-01-12 15:44:18.572381587,East,Standard Class,Home & Kitchen,Wholesale,3,99,Low,27.9,63.7,3.1,3.4,0.3,1,43.81,349.15,282,0
ORD-100049,2025-01-12 21:33:58.959306204,North,Standard Class,Electronics,Retail,17,784,Low,64.5,43.0,4.6,5.3,0.7,1,144.36,1938.19,534,0
ORD-100050,2025-01-13 03:23:39.346230820,North,Standard Class,Home & Kitchen,Retail,3,802,Medium,19.2,78.6,4.7,5.8,1.1,1,113.57,335.87,89,0
ORD-100051,2025-01-13 09:13:19.733155436,North,Standard Class,Electronics,Wholesale,18,590,Medium,36.3,57.3,4.5,5.7,1.2,1,138.35,1752.5,526,0
ORD-100052,2025-01-13 15:03:00.120080053,West,Standard Class,Sports,Retail,16,1249,Low,44.6,90.5,5.3,6.8,1.5,1,170.49,1945.5,169,0
ORD-100053,2025-01-13 20:52:40.507004669,East,Standard Class,Home & Kitchen,Wholesale,4,604,Low,69.4,42.6,4.6,4.9,0.3,1,132.99,391.22,405,0
ORD-100054,2025-01-14 02:42:20.893929286,East,Standard Class,Sports,Retail,15,101,Medium,78.3,62.1,3.6,4.5,0.9,1,90.37,635.32,164,0
ORD-100055,2025-01-14 08:32:01.280853902,West,First Class,Clothing,Wholesale,3,831,High,74.9,53.8,3.8,6.7,2.9,1,123.51,295.96,106,0
ORD-100056,2025-01-14 14:21:41.667778519,South,Same Day,Sports,Wholesale,12,319,Low,52.2,49.4,2.3,3.2,0.9,1,93.26,546.8,275,0
ORD-100057,2025-01-14 20:11:22.054703135,East,Standard Class,Electronics,Wholesale,19,545,Low,11.3,57.2,3.9,4.1,0.2,0,130.78,2394.84,234,0
ORD-100058,2025-01-15 02:01:02.441627751,North,Second Class,Electronics,Retail,5,763,Medium,62.0,93.3,4.2,5.8,1.6,1,116.5,505.06,309,0
ORD-100059,2025-01-15 07:50:42.828552368,North,First Class,Electronics,Wholesale,4,1090,Medium,81.5,67.3,4.2,5.6,1.4,1,148.19,383.85,149,0
ORD-100060,2025-01-15 13:40:23.215476984,East,Same Day,Sports,Corporate,9,431,High,77.2,52.3,2.9,5.9,3.0,1,105.02,497.07,587,0
ORD-100061,2025-01-15 19:30:03.602401601,South,Second Class,Clothing,Retail,8,583,Low,63.3,35.7,3.7,4.2,0.5,1,123.41,689.47,406,0
ORD-100062,2025-01-16 01:19:43.989326217,East,First Class,Electronics,Retail,1,120,Low,33.6,37.5,2.5,2.1,-0.4,0,54.66,71.14,505,0
ORD-100063,2025-01-16 07:09:24.376250833,West,Same Day,Home & Kitchen,Wholesale,10,588,Low,45.5,56.4,3.0,3.0,0.0,0,125.89,1009.26,470,0
ORD-100064,2025-01-16 12:59:04.763175450,East,First Class,Clothing,Retail,6,879,Low,89.8,54.9,3.9,4.8,0.9,1,136.57,580.88,437,0
ORD-100065,2025-01-16 18:48:45.150100066,East,Standard Class,Clothing,Wholesale,3,933,Medium,29.5,61.4,4.9,6.0,1.1,1,128.72,275.29,93,0
ORD-100066,2025-01-17 00:38:25.537024683,East,Standard Class,Clothing,Wholesale,6,454,Low,34.3,28.6,4.2,4.4,0.2,0,91.01,367.68,356,0
ORD-100067,2025-01-17 06:28:05.923949299,South,Standard Class,Electronics,Retail,1,110,Low,72.0,63.5,3.4,3.6,0.2,0,67.73,88.25,539,0
ORD-100068,2025-01-17 12:17:46.310873916,North,Standard Class,Sports,Retail,19,874,High,47.2,81.4,4.8,7.7,2.9,1,170.13,1524.58,66,0
ORD-100069,2025-01-17 18:07:26.697798532,South,Standard Class,Clothing,Retail,20,990,High,33.7,91.0,5.0,7.7,2.7,1,175.3,2347.11,283,0
ORD-100070,2025-01-17 23:57:07.084723148,North,Standard Class,Electronics,Retail,8,146,Medium,82.5,34.7,3.2,5.3,2.1,1,76.66,964.08,118,0
ORD-100071,2025-01-18 05:46:47.471647765,South,Second Class,Home & Kitchen,Corporate,18,767,High,63.3,52.2,4.3,6.5,2.2,1,155.08,1951.33,479,0
ORD-100072,2025-01-18 11:36:27.858572381,West,Second Class,Home & Kitchen,Retail,10,160,Low,48.1,51.3,3.1,3.5,0.4,1,81.74,658.46,559,0
ORD-100073,2025-01-18 17:26:08.245496998,North,First Class,Sports,Retail,19,690,Low,34.4,67.3,3.8,4.5,0.7,1,148.4,754.45,40,0
ORD-100074,2025-01-18 23:15:48.632421614,North,Standard Class,Home & Kitchen,Corporate,4,969,Low,91.9,45.5,5.1,6.1,1.0,1,132.49,520.7,482,0
ORD-100075,2025-01-19 05:05:29.019346230,South,Standard Class,Home & Kitchen,Retail,6,1085,High,54.6,91.9,5.1,8.2,3.1,1,159.16,808.0,222,0
ORD-100076,2025-01-19 10:55:09.406270847,South,First Class,Clothing,Corporate,15,1077,High,80.2,65.7,4.5,8.0,3.5,1,186.61,738.31,578,0
ORD-100077,2025-01-19 16:44:49.793195463,East,First Class,Sports,Retail,5,1142,Low,71.1,63.0,4.4,5.8,1.4,1,175.51,534.93,18,1
ORD-100078,2025-01-19 22:34:30.180120080,East,Same Day,Sports,Retail,17,377,Low,45.6,90.5,2.6,3.7,1.1,1,111.17,1292.92,122,0
ORD-100079,2025-01-20 04:24:10.567044696,West,First Class,Electronics,Retail,9,1273,Low,45.8,64.7,4.7,5.1,0.4,1,181.0,480.17,433,0
ORD-100080,2025-01-20 10:13:50.953969312,East,First Class,Electronics,Wholesale,9,537,Low,81.0,71.4,3.5,4.3,0.8,1,91.76,1184.49,469,0
ORD-100081,2025-01-20 16:03:31.340893929,South,Standard Class,Electronics,Wholesale,10,575,Medium,81.3,53.0,4.2,6.4,2.2,1,130.58,1253.82,56,0
ORD-100082,2025-01-20 21:53:11.727818545,West,Standard Class,Sports,Corporate,16,1186,Low,21.2,43.1,5.7,6.7,1.0,1,164.08,2089.15,104,0
ORD-100083,2025-01-21 03:42:52.114743162,North,Standard Class,Home & Kitchen,Corporate,1,504,Medium,64.9,55.2,4.5,6.2,1.7,1,76.52,63.79,209,0
ORD-100084,2025-01-21 09:32:32.501667778,North,Second Class,Home & Kitchen,Wholesale,16,130,Low,52.8,100.0,3.2,4.2,1.0,1,99.57,1311.63,30,1
ORD-100085,2025-01-21 15:22:12.888592394,North,Same Day,Clothing,Wholesale,16,1077,Low,36.4,75.1,4.1,4.4,0.3,1,166.66,1953.89,471,0
ORD-100086,2025-01-21 21:11:53.275517011,East,Standard Class,Electronics,Retail,17,1000,Low,59.7,69.4,4.7,6.2,1.5,1,163.96,1715.38,405,0
ORD-100087,2025-01-22 03:01:33.662441627,South,Second Class,Clothing,Corporate,20,881,High,30.7,49.4,4.1,6.9,2.8,1,161.75,1552.17,451,0
ORD-100088,2025-01-22 08:51:14.049366244,North,Standard Class,Clothing,Wholesale,16,232,Low,46.6,79.6,3.6,3.9,0.3,1,112.27,1352.34,287,0
ORD-100089,2025-01-22 14:40:54.436290860,South,Standard Class,Home & Kitchen,Corporate,11,955,Low,40.6,43.3,4.9,6.6,1.7,1,139.55,453.99,387,0
ORD-100090,2025-01-22 20:30:34.823215477,North,Standard Class,Home & Kitchen,Retail,10,313,Low,46.0,39.9,3.7,4.1,0.4,1,93.48,940.33,347,0
ORD-100091,2025-01-23 02:20:15.210140093,East,Standard Class,Home & Kitchen,Retail,8,842,High,53.7,56.1,4.4,6.4,2.0,1,130.07,958.64,419,0
ORD-100092,2025-01-23 08:09:55.597064709,South,Same Day,Home & Kitchen,Wholesale,17,772,Medium,36.7,96.3,3.5,5.2,1.7,1,160.76,622.67,275,0
ORD-100093,2025-01-23 13:59:35.983989326,South,Standard Class,Home & Kitchen,Retail,8,1164,Medium,83.3,95.4,5.7,7.9,2.2,1,175.71,436.49,394,0
ORD-100094,2025-01-23 19:49:16.370913942,South,First Class,Clothing,Retail,12,1466,Low,63.9,57.8,5.3,7.2,1.9,1,177.65,1054.49,390,0
ORD-100095,2025-01-24 01:38:56.757838559,East,Second Class,Electronics,Corporate,2,301,Medium,87.3,54.2,3.5,5.3,1.8,1,89.0,185.61,388,0
ORD-100096,2025-01-24 07:28:37.144763175,South,Standard Class,Electronics,Retail,7,189,Low,52.1,38.8,3.6,3.7,0.1,0,68.89,479.0,524,0
ORD-100097,2025-01-24 13:18:17.531687791,North,Standard Class,Clothing,Retail,6,843,Medium,45.1,66.2,4.6,6.7,2.1,1,131.1,251.21,216,0
ORD-100098,2025-01-24 19:07:57.918612408,North,First Class,Electronics,Retail,9,1429,Low,86.7,67.6,5.0,7.2,2.2,1,179.9,993.65,528,0
ORD-100099,2025-01-25 00:57:38.305537024,West,Standard Class,Electronics,Retail,11,254,Low,44.6,77.6,4.0,4.2,0.2,0,96.1,646.48,26,1
ORD-100100,2025-01-25 06:47:18.692461641,West,Same Day,Home & Kitchen,Wholesale,15,741,High,51.8,79.6,3.2,5.9,2.7,1,175.32,1465.75,296,0
ORD-100101,2025-01-25 12:36:59.079386257,East,Standard Class,Electronics,Corporate,9,623,High,68.0,61.8,4.3,7.2,2.9,1,121.94,811.76,270,0
ORD-100102,2025-01-25 18:26:39.466310873,North,Second Class,Home & Kitchen,Corporate,4,491,Low,32.7,73.9,3.9,4.3,0.4,1,85.94,318.45,522,0
ORD-100103,2025-01-26 00:16:19.853235490,West,First Class,Home & Kitchen,Wholesale,11,1003,Low,67.8,53.8,4.4,5.5,1.1,1,155.31,1031.94,36,0
ORD-100104,2025-01-26 06:06:00.240160106,West,Standard Class,Sports,Wholesale,2,457,Medium,65.5,73.6,3.9,5.5,1.6,1,69.48,215.77,137,0
ORD-100105,2025-01-26 11:55:40.627084723,East,Standard Class,Sports,Retail,17,750,High,77.8,56.9,4.5,7.1,2.6,1,171.37,1541.67,286,0
ORD-100106,2025-01-26 17:45:21.014009339,South,Same Day,Clothing,Corporate,16,1272,Medium,71.0,72.4,4.1,5.6,1.5,1,198.59,1445.6,491,0
ORD-100107,2025-01-26 23:35:01.400933956,South,Standard Class,Sports,Retail,5,582,Low,78.4,71.1,4.3,5.5,1.2,1,94.79,399.6,283,0
ORD-100108,2025-01-27 05:24:41.787858572,North,Standard Class,Electronics,Retail,6,51,Low,53.0,66.1,3.5,3.2,-0.3,0,49.7,456.65,386,0
ORD-100109,2025-01-27 11:14:22.174783188,West,Standard Class,Home & Kitchen,Corporate,1,1330,Medium,39.5,77.7,5.5,7.1,1.6,1,155.67,121.54,115,0
ORD-100110,2025-01-27 17:04:02.561707805,South,Standard Class,Clothing,Corporate,8,426,Medium,93.0,39.9,4.2,5.3,1.1,1,115.15,636.36,566,0
ORD-100111,2025-01-27 22:53:42.948632421,North,First Class,Electronics,Retail,1,1164,Medium,27.5,48.0,4.5,5.4,0.9,1,126.13,111.63,472,0
ORD-100112,2025-01-28 04:43:23.335557038,South,First Class,Sports,Wholesale,19,1149,Medium,29.3,60.7,4.9,6.6,1.7,1,200.84,1079.19,35,0
ORD-100113,2025-01-28 10:33:03.722481654,East,Standard Class,Sports,Retail,3,799,Low,65.2,41.9,4.7,5.6,0.9,1,117.74,335.55,425,0
ORD-100114,2025-01-28 16:22:44.109406271,North,First Class,Clothing,Retail,14,150,Low,84.2,58.5,2.7,3.4,0.7,1,84.49,671.33,86,0
ORD-100115,2025-01-28 22:12:24.496330887,West,Standard Class,Sports,Retail,12,1427,Medium,58.4,59.0,5.9,7.6,1.7,1,190.09,1498.74,340,0
ORD-100116,2025-01-29 04:02:04.883255503,East,Standard Class,Electronics,Retail,5,1028,Low,73.0,86.0,5.0,6.2,1.2,1,165.62,502.64,427,0
ORD-100117,2025-01-29 09:51:45.270180120,East,Second Class,Sports,Retail,17,648,Medium,19.1,67.3,3.7,5.0,1.3,1,121.61,693.41,556,0
ORD-100118,2025-01-29 15:41:25.657104736,South,Same Day,Electronics,Retail,3,1284,Medium,46.0,81.5,4.2,6.2,2.0,1,148.98,331.33,51,0
ORD-100119,2025-01-29 21:31:06.044029353,East,Standard Class,Electronics,Retail,18,1187,Medium,21.3,69.8,5.3,7.2,1.9,1,198.48,1283.8,179,0
ORD-100120,2025-01-30 03:20:46.430953969,East,Standard Class,Electronics,Retail,15,1146,Low,69.0,56.4,5.0,6.7,1.7,1,183.79,1884.29,417,0
ORD-100121,2025-01-30 09:10:26.817878585,East,Second Class,Clothing,Corporate,13,268,Medium,27.1,67.1,3.3,4.1,0.8,1,86.64,1619.09,164,0
ORD-100122,2025-01-30 15:00:07.204803202,North,First Class,Clothing,Wholesale,18,957,Low,32.0,76.7,3.8,4.0,0.2,0,180.36,2105.25,430,0
ORD-100123,2025-01-30 20:49:47.591727818,South,Standard Class,Clothing,Corporate,9,443,Low,64.3,84.1,3.9,4.5,0.6,1,116.82,813.8,118,0
ORD-100124,2025-01-31 02:39:27.978652435,North,Standard Class,Electronics,Retail,6,136,Low,74.1,62.9,3.5,4.1,0.6,1,75.63,738.01,106,0
ORD-100125,2025-01-31 08:29:08.365577051,South,Second Class,Electronics,Wholesale,4,520,Low,52.1,38.6,3.8,4.1,0.3,1,88.9,402.53,331,0
ORD-100126,2025-01-31 14:18:48.752501667,South,Standard Class,Clothing,Corporate,19,174,High,65.3,37.5,3.4,5.3,1.9,1,103.43,2249.83,416,0
ORD-100127,2025-01-31 20:08:29.139426284,North,Standard Class,Electronics,Retail,9,176,High,64.7,59.8,3.5,5.9,2.4,1,85.44,457.13,131,0
ORD-100128,2025-02-01 01:58:09.526350900,North,Standard Class,Sports,Retail,17,1096,Low,51.1,27.6,5.1,6.9,1.8,1,164.45,2088.13,525,0
ORD-100129,2025-02-01 07:47:49.913275517,East,Standard Class,Home & Kitchen,Retail,7,763,Medium,35.3,93.7,4.6,6.0,1.4,1,138.92,707.85,522,0
ORD-100130,2025-02-01 13:37:30.300200133,North,Standard Class,Clothing,Retail,20,609,Low,65.2,74.6,4.3,5.3,1.0,1,168.99,1294.49,57,0
ORD-100131,2025-02-01 19:27:10.687124749,West,First Class,Home & Kitchen,Retail,18,304,Medium,66.0,54.8,2.8,3.7,0.9,1,114.53,2345.38,189,0
ORD-100132,2025-02-02 01:16:51.074049366,East,Second Class,Electronics,Retail,7,1161,Medium,71.1,47.2,5.0,7.5,2.5,1,165.39,736.61,338,0
ORD-100133,2025-02-02 07:06:31.460973982,South,Second Class,Electronics,Retail,10,959,Low,60.6,81.4,4.6,6.1,1.5,1,165.02,1241.77,299,0
ORD-100134,2025-02-02 12:56:11.847898599,East,Same Day,Sports,Wholesale,16,887,Low,34.0,47.2,3.5,4.5,1.0,1,181.14,595.1,160,0
ORD-100135,2025-02-02 18:45:52.234823215,North,Standard Class,Home & Kitchen,Retail,5,301,Low,67.4,48.7,4.2,5.3,1.1,1,100.86,446.39,322,0
ORD-100136,2025-02-03 00:35:32.621747832,West,Standard Class,Home & Kitchen,Retail,1,202,Low,55.0,52.7,3.5,3.8,0.3,1,40.64,108.75,578,0
ORD-100137,2025-02-03 06:25:13.008672448,South,Same Day,Electronics,Wholesale,6,202,High,46.3,66.8,2.2,4.3,2.1,1,70.14,223.89,191,0
ORD-100138,2025-02-03 12:14:53.395597064,West,Standard Class,Home & Kitchen,Retail,12,57,Low,49.7,74.9,3.2,4.2,1.0,1,84.22,1291.03,139,0
ORD-100139,2025-02-03 18:04:33.782521681,North,Second Class,Clothing,Retail,3,1455,Low,42.6,84.1,5.3,6.9,1.6,1,165.96,334.31,445,0
ORD-100140,2025-02-03 23:54:14.169446297,South,First Class,Clothing,Retail,7,564,Low,71.0,81.7,3.5,3.8,0.3,1,131.75,444.64,346,0
ORD-100141,2025-02-04 05:43:54.556370914,South,Standard Class,Electronics,Retail,19,994,High,29.5,65.0,4.9,7.7,2.8,1,193.88,1938.37,418,0
ORD-100142,2025-02-04 11:33:34.943295530,West,Standard Class,Home & Kitchen,Retail,2,1474,Low,37.1,81.3,5.8,6.9,1.1,1,160.35,139.09,391,0
ORD-100143,2025-02-04 17:23:15.330220146,East,Standard Class,Electronics,Retail,2,1406,Medium,49.1,54.3,5.7,8.0,2.3,1,163.85,268.75,458,0
ORD-100144,2025-02-04 23:12:55.717144763,South,Standard Class,Home & Kitchen,Retail,9,494,Medium,84.0,35.9,3.9,5.6,1.7,1,102.38,1070.44,440,0
ORD-100145,2025-02-05 05:02:36.104069379,North,Standard Class,Sports,Corporate,1,745,Low,74.0,54.3,4.2,4.7,0.5,1,107.56,103.47,367,0
ORD-100146,2025-02-05 10:52:16.490993996,South,Standard Class,Sports,Corporate,1,705,Low,25.5,52.1,4.4,5.0,0.6,1,97.98,104.36,278,0
ORD-100147,2025-02-05 16:41:56.877918612,East,First Class,Sports,Retail,4,69,Low,79.3,54.9,2.7,3.4,0.7,1,72.63,294.85,281,0
ORD-100148,2025-02-05 22:31:37.264843228,South,Same Day,Home & Kitchen,Retail,3,1157,Low,79.3,49.7,4.0,5.6,1.6,1,140.3,238.13,166,0
ORD-100149,2025-02-06 04:21:17.651767845,North,First Class,Electronics,Retail,17,870,Medium,33.9,57.6,4.3,5.9,1.6,1,127.52,2030.83,274,0
ORD-100150,2025-02-06 10:10:58.038692461,West,Standard Class,Electronics,Corporate,3,570,Medium,10.0,74.9,4.4,5.9,1.5,1,73.5,208.99,366,0
ORD-100151,2025-02-06 16:00:38.425617078,West,Standard Class,Sports,Wholesale,11,846,Low,53.7,92.4,4.8,6.1,1.3,1,130.71,831.36,432,0
ORD-100152,2025-02-06 21:50:18.812541694,North,Standard Class,Clothing,Retail,15,1109,Low,75.2,37.4,5.6,6.9,1.3,1,170.92,985.65,466,0
ORD-100153,2025-02-07 03:39:59.199466311,East,Standard Class,Electronics,Retail,13,42,Low,83.6,44.4,3.3,4.3,1.0,1,85.95,1267.3,232,0
ORD-100154,2025-02-07 09:29:39.586390927,North,Same Day,Electronics,Retail,14,976,Low,39.3,52.3,3.7,5.3,1.6,1,147.52,1602.19,442,0
ORD-100155,2025-02-07 15:19:19.973315543,East,Standard Class,Clothing,Corporate,8,1295,Medium,86.5,77.3,5.6,8.4,2.8,1,162.52,443.75,267,0
ORD-100156,2025-02-07 21:09:00.360240160,South,Standard Class,Electronics,Corporate,18,1095,Medium,14.9,61.7,5.5,7.0,1.5,1,167.31,1098.46,221,0
ORD-100157,2025-02-08 02:58:40.747164776,East,First Class,Electronics,Retail,2,938,Medium,48.4,53.4,4.1,5.9,1.8,1,112.55,117.92,106,0
ORD-100158,2025-02-08 08:48:21.134089393,East,Standard Class,Home & Kitchen,Retail,3,154,Low,47.5,76.5,3.4,3.9,0.5,1,55.24,155.27,166,0
ORD-100159,2025-02-08 14:38:01.521014009,West,Standard Class,Clothing,Retail,18,1122,Low,75.7,80.3,5.3,6.8,1.5,1,180.89,1359.43,410,0
ORD-100160,2025-02-08 20:27:41.907938625,North,Standard Class,Home & Kitchen,Wholesale,2,1131,Low,78.4,64.7,5.1,7.3,2.2,1,154.21,251.35,137,0
ORD-100161,2025-02-09 02:17:22.294863242,West,Second Class,Home & Kitchen,Corporate,4,751,High,72.2,51.9,4.3,6.9,2.6,1,106.42,368.34,55,0
ORD-100162,2025-02-09 08:07:02.681787858,North,First Class,Electronics,Retail,4,882,Medium,30.7,69.3,4.1,6.0,1.9,1,120.16,186.7,170,0
ORD-100163,2025-02-09 13:56:43.068712475,North,Standard Class,Sports,Retail,1,935,High,70.5,61.3,4.9,7.9,3.0,1,119.09,122.43,594,0
ORD-100164,2025-02-09 19:46:23.455637091,East,Same Day,Sports,Retail,3,199,Low,64.2,61.1,2.4,2.5,0.1,0,77.43,337.63,98,0
ORD-100165,2025-02-10 01:36:03.842561707,South,First Class,Sports,Retail,12,401,Low,24.9,56.8,2.9,3.1,0.2,0,102.62,880.58,94,0
ORD-100166,2025-02-10 07:25:44.229486324,West,First Class,Electronics,Wholesale,14,1193,Medium,17.8,79.8,4.6,6.0,1.4,1,188.95,851.66,247,0
ORD-100167,2025-02-10 13:15:24.616410940,West,Standard Class,Electronics,Retail,2,1462,Low,73.7,69.0,5.8,7.7,1.9,1,159.69,259.01,235,0
ORD-100168,2025-02-10 19:05:05.003335557,South,Standard Class,Electronics,Corporate,19,420,Low,51.8,81.6,4.5,5.2,0.7,1,127.62,720.75,552,0
ORD-100169,2025-02-11 00:54:45.390260173,West,First Class,Sports,Retail,2,613,Low,31.9,86.4,3.5,3.8,0.3,1,89.42,243.35,150,0
ORD-100170,2025-02-11 06:44:25.777184789,South,Standard Class,Home & Kitchen,Retail,14,1375,High,51.3,72.3,5.6,9.3,3.7,1,181.12,1600.92,256,0
ORD-100171,2025-02-11 12:34:06.164109406,East,Second Class,Sports,Retail,17,260,Low,61.6,56.9,3.0,4.0,1.0,1,109.58,2036.9,181,0
ORD-100172,2025-02-11 18:23:46.551034022,North,First Class,Sports,Retail,11,406,High,53.5,81.6,3.4,6.5,3.1,1,126.43,490.69,157,0
ORD-100173,2025-02-12 00:13:26.937958639,West,Standard Class,Home & Kitchen,Retail,10,102,Low,27.1,72.5,3.3,3.5,0.2,0,63.69,455.43,200,0
ORD-100174,2025-02-12 06:03:07.324883255,North,First Class,Sports,Wholesale,3,367,Low,88.9,100.0,2.9,4.1,1.2,1,83.43,364.74,161,0
ORD-100175,2025-02-12 11:52:47.711807872,North,Same Day,Electronics,Retail,5,962,Low,73.1,70.0,3.7,5.3,1.6,1,123.3,429.61,433,0
ORD-100176,2025-02-12 17:42:28.098732488,South,Second Class,Home & Kitchen,Retail,18,535,Low,49.0,76.2,3.9,4.4,0.5,1,117.44,1316.95,476,0
ORD-100177,2025-02-12 23:32:08.485657104,West,Standard Class,Clothing,Retail,7,1476,High,49.7,69.6,6.0,9.3,3.3,1,175.88,670.52,114,0
ORD-100178,2025-02-13 05:21:48.872581721,West,First Class,Electronics,Retail,1,1340,High,61.5,63.4,4.8,8.0,3.2,1,153.58,80.77,302,0
ORD-100179,2025-02-13 11:11:29.259506337,East,Second Class,Clothing,Corporate,15,1346,High,34.7,60.9,5.3,7.7,2.4,1,189.21,1482.68,165,0
ORD-100180,2025-02-13 17:01:09.646430954,West,Second Class,Home & Kitchen,Corporate,14,1095,High,60.8,69.7,4.8,7.9,3.1,1,170.46,1779.81,521,0
ORD-100181,2025-02-13 22:50:50.033355570,West,First Class,Electronics,Retail,2,1059,Medium,31.0,73.3,4.4,5.9,1.5,1,114.36,230.16,69,0
ORD-100182,2025-02-14 04:40:30.420280186,East,Second Class,Clothing,Wholesale,2,774,Low,53.7,83.5,4.3,5.2,0.9,1,105.12,181.48,251,0
ORD-100183,2025-02-14 10:30:10.807204803,South,Standard Class,Electronics,Wholesale,3,1487,Medium,34.0,69.9,6.1,8.2,2.1,1,179.6,423.46,205,0
ORD-100184,2025-02-14 16:19:51.194129419,West,Standard Class,Electronics,Corporate,2,161,Low,34.9,57.6,3.5,4.1,0.6,1,41.97,205.65,224,0
ORD-100185,2025-02-14 22:09:31.581054036,East,Standard Class,Electronics,Retail,13,1090,Medium,84.6,59.8,5.0,6.9,1.9,1,168.64,558.05,565,0
ORD-100186,2025-02-15 03:59:11.967978652,South,Second Class,Sports,Retail,3,227,Low,56.1,43.8,3.2,3.5,0.3,1,72.64,302.77,329,0
ORD-100187,2025-02-15 09:48:52.354903268,North,Second Class,Home & Kitchen,Retail,13,522,Medium,58.7,91.6,3.9,5.3,1.4,1,112.13,544.38,234,0
ORD-100188,2025-02-15 15:38:32.741827885,East,Second Class,Electronics,Corporate,4,398,Low,18.8,56.3,3.2,3.1,-0.1,0,85.98,268.69,486,0
ORD-100189,2025-02-15 21:28:13.128752501,North,Standard Class,Clothing,Wholesale,20,910,Low,44.3,80.5,4.5,5.3,0.8,1,153.41,1897.1,468,0
ORD-100190,2025-02-16 03:17:53.515677118,West,First Class,Electronics,Retail,15,1185,Low,63.3,69.4,4.7,6.0,1.3,1,194.48,867.8,95,0
ORD-100191,2025-02-16 09:07:33.902601734,North,Same Day,Electronics,Retail,8,138,Low,58.5,69.9,2.4,3.1,0.7,1,79.74,313.16,282,0
ORD-100192,2025-02-16 14:57:14.289526351,North,Standard Class,Clothing,Wholesale,9,911,Low,16.2,63.1,4.6,5.3,0.7,1,139.35,870.68,253,0
ORD-100193,2025-02-16 20:46:54.676450967,West,Second Class,Sports,Corporate,2,348,Low,58.7,52.4,3.5,3.7,0.2,0,90.52,134.75,275,0
ORD-100194,2025-02-17 02:36:35.063375583,North,Second Class,Sports,Retail,2,134,Low,61.6,49.5,3.0,3.9,0.9,1,55.23,175.28,215,0
ORD-100195,2025-02-17 08:26:15.450300200,North,Second Class,Clothing,Wholesale,11,638,Low,78.1,92.7,3.9,5.5,1.6,1,120.89,677.04,496,0
ORD-100196,2025-02-17 14:15:55.837224816,East,Standard Class,Clothing,Retail,1,880,Low,43.2,66.8,4.9,5.5,0.6,1,134.15,126.61,597,0
ORD-100197,2025-02-17 20:05:36.224149433,West,First Class,Electronics,Retail,13,318,Medium,14.6,83.0,2.7,4.0,1.3,1,120.97,1570.73,25,1
ORD-100198,2025-02-18 01:55:16.611074049,North,Same Day,Electronics,Retail,8,597,Low,37.1,87.2,2.8,3.6,0.8,1,103.48,363.7,515,0
ORD-100199,2025-02-18 07:44:56.997998665,South,Second Class,Home & Kitchen,Wholesale,3,1432,Low,35.3,58.4,5.3,6.4,1.1,1,167.69,372.06,520,0
ORD-100200,2025-02-18 13:34:37.384923282,West,Same Day,Home & Kitchen,Corporate,11,533,Low,68.3,71.8,2.8,3.9,1.1,1,130.74,564.11,225,0
ORD-100201,2025-02-18 19:24:17.771847898,West,Same Day,Home & Kitchen,Retail,12,1494,Low,10.0,65.7,4.4,5.4,1.0,1,194.65,840.35,296,0
ORD-100202,2025-02-19 01:13:58.158772515,South,Standard Class,Home & Kitchen,Retail,15,1255,Low,46.9,46.5,5.6,6.9,1.3,1,194.94,1071.9,70,0
ORD-100203,2025-02-19 07:03:38.545697131,North,Second Class,Sports,Retail,4,569,Low,80.7,62.0,3.8,4.9,1.1,1,113.21,235.47,217,0
ORD-100204,2025-02-19 12:53:18.932621747,North,Standard Class,Home & Kitchen,Retail,11,874,Low,55.1,74.4,4.7,5.6,0.9,1,138.85,489.84,150,0
ORD-100205,2025-02-19 18:42:59.319546364,North,Same Day,Clothing,Retail,17,1070,Low,71.1,57.0,3.9,4.5,0.6,1,185.41,1868.21,545,0
ORD-100206,2025-02-20 00:32:39.706470980,North,Standard Class,Electronics,Retail,6,708,Low,25.4,59.8,4.5,5.2,0.7,1,114.35,683.61,73,0
ORD-100207,2025-02-20 06:22:20.093395597,East,Standard Class,Electronics,Retail,17,623,Low,26.2,62.2,4.5,4.8,0.3,1,122.4,2223.58,210,0
ORD-100208,2025-02-20 12:12:00.480320213,North,First Class,Electronics,Retail,15,508,Low,80.9,98.8,3.2,4.7,1.5,1,116.51,1872.05,293,0
ORD-100209,2025-02-20 18:01:40.867244829,South,Standard Class,Electronics,Retail,9,226,Medium,56.8,35.7,3.4,4.6,1.2,1,77.5,693.4,586,0
ORD-100210,2025-02-20 23:51:21.254169446,East,First Class,Clothing,Wholesale,18,56,Low,56.9,73.0,2.4,2.7,0.3,1,106.33,859.77,492,0
ORD-100211,2025-02-21 05:41:01.641094062,East,Standard Class,Sports,Retail,20,518,Medium,34.9,60.9,4.2,5.7,1.5,1,148.75,735.87,562,0
ORD-100212,2025-02-21 11:30:42.028018679,North,Same Day,Home & Kitchen,Wholesale,5,1198,Low,56.8,54.7,3.9,5.2,1.3,1,166.14,463.41,193,0
ORD-100213,2025-02-21 17:20:22.414943295,West,First Class,Sports,Corporate,20,365,Low,34.4,60.6,2.8,3.2,0.4,1,129.43,2346.03,168,0
ORD-100214,2025-02-21 23:10:02.801867912,East,Standard Class,Electronics,Retail,1,286,Low,76.4,75.7,3.8,4.6,0.8,1,76.13,69.03,347,0
ORD-100215,2025-02-22 04:59:43.188792528,East,First Class,Sports,Retail,3,505,Low,100.0,76.6,3.2,5.1,1.9,1,101.36,176.85,210,0
ORD-100216,2025-02-22 10:49:23.575717145,North,Standard Class,Clothing,Retail,1,906,Low,63.7,68.0,4.6,5.5,0.9,1,127.25,103.88,19,1
ORD-100217,2025-02-22 16:39:03.962641761,North,Second Class,Electronics,Retail,8,338,Medium,43.6,82.5,3.6,4.7,1.1,1,96.27,969.22,489,0
ORD-100218,2025-02-22 22:28:44.349566377,West,Second Class,Clothing,Retail,19,346,Medium,10.0,85.3,3.3,3.8,0.5,1,100.06,1490.65,65,0
ORD-100219,2025-02-23 04:18:24.736490994,South,First Class,Clothing,Retail,13,186,Low,24.7,78.1,2.9,3.4,0.5,1,79.39,1353.13,125,0
ORD-100220,2025-02-23 10:08:05.123415610,South,Standard Class,Electronics,Retail,13,512,Low,83.0,56.3,4.1,4.9,0.8,1,111.23,1041.58,566,0
ORD-100221,2025-02-23 15:57:45.510340227,South,Standard Class,Home & Kitchen,Retail,2,342,Medium,36.5,72.9,3.9,4.9,1.0,1,87.14,151.12,441,0
ORD-100222,2025-02-23 21:47:25.897264843,East,Second Class,Sports,Retail,11,1251,Low,48.3,73.0,5.0,6.1,1.1,1,196.68,883.28,389,0
ORD-100223,2025-02-24 03:37:06.284189459,West,Second Class,Sports,Wholesale,8,1361,Low,66.8,51.9,4.8,6.3,1.5,1,154.27,904.81,86,0
ORD-100224,2025-02-24 09:26:46.671114076,South,Standard Class,Electronics,Retail,10,568,Medium,81.7,39.9,4.0,5.2,1.2,1,138.86,1083.73,157,0
ORD-100225,2025-02-24 15:16:27.058038692,West,Standard Class,Home & Kitchen,Retail,6,146,Low,51.4,32.6,3.4,2.8,-0.6,0,70.82,460.48,131,0
ORD-100226,2025-02-24 21:06:07.444963309,North,Standard Class,Sports,Wholesale,5,149,Low,47.7,66.1,3.5,4.0,0.5,1,79.04,306.59,388,0
ORD-100227,2025-02-25 02:55:47.831887925,East,First Class,Electronics,Retail,20,500,Low,56.3,69.8,3.0,3.0,0.0,0,144.33,979.34,305,0
ORD-100228,2025-02-25 08:45:28.218812542,East,Standard Class,Sports,Wholesale,12,706,Low,43.7,46.1,4.5,5.4,0.9,1,149.94,442.74,222,0
ORD-100229,2025-02-25 14:35:08.605737158,North,Standard Class,Clothing,Retail,9,802,Low,44.7,81.7,4.5,6.0,1.5,1,135.35,435.9,450,0
ORD-100230,2025-02-25 20:24:48.992661774,North,Same Day,Clothing,Retail,2,470,Medium,62.4,67.4,2.8,4.2,1.4,1,71.48,115.38,469,0
ORD-100231,2025-02-26 02:14:29.379586391,South,Standard Class,Electronics,Corporate,16,545,Low,58.3,86.6,4.2,5.6,1.4,1,130.25,1625.06,446,0
ORD-100232,2025-02-26 08:04:09.766511007,West,Second Class,Clothing,Retail,10,440,Low,93.4,70.9,3.7,4.9,1.2,1,116.8,1140.22,72,0
ORD-100233,2025-02-26 13:53:50.153435624,East,Standard Class,Electronics,Retail,8,786,Low,62.9,47.9,4.8,6.3,1.5,1,128.37,863.66,369,0
ORD-100234,2025-02-26 19:43:30.540360240,West,First Class,Electronics,Corporate,14,1052,Medium,75.7,72.3,4.4,6.4,2.0,1,179.2,1483.46,133,0
ORD-100235,2025-02-27 01:33:10.927284856,West,Second Class,Electronics,Wholesale,3,84,Low,35.7,75.7,3.1,2.5,-0.6,0,53.74,390.9,170,0
ORD-100236,2025-02-27 07:22:51.314209473,South,First Class,Home & Kitchen,Wholesale,11,728,Medium,64.5,56.2,3.7,5.3,1.6,1,127.17,1412.75,587,0
ORD-100237,2025-02-27 13:12:31.701134089,West,Standard Class,Clothing,Retail,18,980,Low,42.0,41.9,5.5,6.9,1.4,1,158.91,1119.13,255,0
ORD-100238,2025-02-27 19:02:12.088058706,North,Second Class,Clothing,Retail,10,1016,Low,62.1,66.6,4.4,5.8,1.4,1,151.11,518.33,474,0
ORD-100239,2025-02-28 00:51:52.474983322,North,First Class,Clothing,Wholesale,1,854,Low,67.4,49.0,3.9,4.8,0.9,1,120.83,75.18,155,0
ORD-100240,2025-02-28 06:41:32.861907938,West,Standard Class,Home & Kitchen,Retail,5,797,Low,55.9,82.9,4.8,6.0,1.2,1,99.44,624.32,583,0
ORD-100241,2025-02-28 12:31:13.248832555,West,Standard Class,Clothing,Retail,2,1028,Low,98.3,58.5,5.2,7.1,1.9,1,130.22,120.29,173,0
ORD-100242,2025-02-28 18:20:53.635757171,North,Standard Class,Home & Kitchen,Wholesale,11,580,Medium,80.7,92.6,4.3,6.2,1.9,1,99.72,757.85,117,0
ORD-100243,2025-03-01 00:10:34.022681788,East,Same Day,Clothing,Retail,8,860,High,76.2,31.0,3.6,7.4,3.8,1,131.44,708.86,200,0
ORD-100244,2025-03-01 06:00:14.409606404,East,Second Class,Electronics,Retail,3,493,Medium,68.8,67.2,3.3,4.7,1.4,1,107.63,294.62,112,0
ORD-100245,2025-03-01 11:49:54.796531020,West,Second Class,Clothing,Retail,14,668,Low,86.7,87.9,4.3,6.0,1.7,1,125.75,1302.36,363,0
ORD-100246,2025-03-01 17:39:35.183455637,East,Second Class,Clothing,Retail,4,203,Low,29.1,50.8,3.1,3.5,0.4,1,74.98,444.92,94,0
ORD-100247,2025-03-01 23:29:15.570380253,South,Second Class,Home & Kitchen,Wholesale,7,538,Low,79.7,62.5,4.0,4.8,0.8,1,143.38,641.32,132,0
ORD-100248,2025-03-02 05:18:55.957304870,South,Standard Class,Home & Kitchen,Corporate,20,230,Low,37.2,58.6,3.3,3.4,0.1,0,130.46,2323.89,424,0
ORD-100249,2025-03-02 11:08:36.344229486,South,Standard Class,Clothing,Retail,2,355,Medium,44.8,54.1,3.9,5.4,1.5,1,77.55,96.73,35,0
ORD-100250,2025-03-02 16:58:16.731154103,East,Second Class,Home & Kitchen,Retail,5,641,Medium,65.1,68.9,3.9,5.6,1.7,1,121.1,602.24,269,0
ORD-100251,2025-03-02 22:47:57.118078719,West,Standard Class,Clothing,Retail,7,760,Low,77.2,44.3,4.7,5.9,1.2,1,111.33,660.15,418,0
ORD-100252,2025-03-03 04:37:37.505003335,South,First Class,Electronics,Retail,11,1415,High,34.2,63.2,5.0,7.4,2.4,1,170.2,660.41,272,0
ORD-100253,2025-03-03 10:27:17.891927952,North,First Class,Clothing,Retail,5,58,Medium,45.8,73.3,2.6,3.8,1.2,1,59.27,641.17,22,1
ORD-100254,2025-03-03 16:16:58.278852568,North,Standard Class,Electronics,Corporate,20,1350,Low,56.8,61.6,5.5,7.0,1.5,1,215.35,2526.0,103,0
ORD-100255,2025-03-03 22:06:38.665777185,East,Second Class,Home & Kitchen,Retail,1,506,High,51.6,49.0,3.7,6.1,2.4,1,100.03,130.52,582,0
ORD-100256,2025-03-04 03:56:19.052701801,West,Standard Class,Electronics,Retail,19,1092,Low,70.4,81.5,5.2,6.8,1.6,1,180.74,2343.19,465,0
ORD-100257,2025-03-04 09:45:59.439626417,North,Same Day,Clothing,Corporate,11,1023,Low,100.0,76.7,3.8,5.4,1.6,1,165.98,815.03,216,0
ORD-100258,2025-03-04 15:35:39.826551034,North,Same Day,Clothing,Retail,1,1457,Low,62.5,48.3,4.7,5.9,1.2,1,170.95,100.35,525,0
ORD-100259,2025-03-04 21:25:20.213475650,East,Same Day,Electronics,Corporate,3,181,Low,41.8,44.3,2.3,2.4,0.1,0,61.92,162.56,13,1
ORD-100260,2025-03-05 03:15:00.600400267,North,Standard Class,Electronics,Retail,3,1452,Low,31.7,49.8,5.6,6.5,0.9,1,169.45,397.58,37,0
ORD-100261,2025-03-05 09:04:40.987324883,West,Standard Class,Sports,Retail,6,113,High,49.1,73.7,3.4,6.4,3.0,1,56.44,684.57,531,0
ORD-100262,2025-03-05 14:54:21.374249499,South,Standard Class,Electronics,Corporate,7,1319,Low,38.1,69.4,6.1,7.6,1.5,1,173.94,936.89,407,0
ORD-100263,2025-03-05 20:44:01.761174116,North,Standard Class,Clothing,Retail,13,985,Low,63.4,77.6,5.3,6.2,0.9,1,163.77,1532.14,363,0
ORD-100264,2025-03-06 02:33:42.148098732,West,Standard Class,Clothing,Retail,7,733,Low,63.1,59.8,4.0,5.7,1.7,1,118.5,687.51,213,0
ORD-100265,2025-03-06 08:23:22.535023349,North,Standard Class,Electronics,Retail,15,609,Low,46.7,50.2,4.3,4.8,0.5,1,140.86,746.02,492,0
ORD-100266,2025-03-06 14:13:02.921947965,South,Same Day,Electronics,Wholesale,6,158,Medium,90.7,79.7,2.4,4.1,1.7,1,87.85,308.7,368,0
ORD-100267,2025-03-06 20:02:43.308872582,North,Standard Class,Home & Kitchen,Retail,6,1207,Low,41.8,56.1,5.4,6.8,1.4,1,166.94,516.22,266,0
ORD-100268,2025-03-07 01:52:23.695797198,North,Standard Class,Home & Kitchen,Retail,6,1098,High,52.9,68.0,5.1,7.4,2.3,1,138.37,680.58,234,0
ORD-100269,2025-03-07 07:42:04.082721814,North,First Class,Electronics,Wholesale,7,1408,Medium,66.5,40.2,4.9,6.9,2.0,1,182.76,402.47,218,0
ORD-100270,2025-03-07 13:31:44.469646431,North,Second Class,Home & Kitchen,Wholesale,17,1101,Low,71.1,55.9,4.9,6.0,1.1,1,172.08,2106.59,349,0
ORD-100271,2025-03-07 19:21:24.856571047,North,First Class,Sports,Retail,5,1437,Low,78.0,81.2,4.8,6.7,1.9,1,181.16,542.91,396,0
ORD-100272,2025-03-08 01:11:05.243495664,North,Second Class,Sports,Retail,6,1333,Low,62.7,53.5,5.4,6.9,1.5,1,161.14,428.01,484,0
ORD-100273,2025-03-08 07:00:45.630420280,East,First Class,Sports,Retail,20,650,High,73.9,78.0,3.6,6.5,2.9,1,168.44,2402.44,249,0
ORD-100274,2025-03-08 12:50:26.017344896,East,Second Class,Sports,Retail,14,1062,Medium,43.0,27.7,4.6,6.1,1.5,1,177.63,1318.04,159,0
ORD-100275,2025-03-08 18:40:06.404269513,South,Second Class,Home & Kitchen,Retail,4,411,Low,71.5,56.0,3.7,4.9,1.2,1,103.15,430.93,338,0
ORD-100276,2025-03-09 00:29:46.791194129,South,Second Class,Clothing,Retail,18,1197,Low,71.3,62.3,4.7,6.2,1.5,1,206.52,1325.02,354,0
ORD-100277,2025-03-09 06:19:27.178118746,South,Standard Class,Clothing,Retail,4,921,Medium,82.2,92.9,4.8,7.0,2.2,1,130.7,317.18,173,0
ORD-100278,2025-03-09 12:09:07.565043362,West,Standard Class,Clothing,Retail,4,672,Low,25.0,46.3,4.3,4.7,0.4,1,100.81,164.95,53,0
ORD-100279,2025-03-09 17:58:47.951967978,West,Standard Class,Electronics,Wholesale,9,950,Medium,38.7,75.7,5.3,7.6,2.3,1,165.59,803.41,206,0
ORD-100280,2025-03-09 23:48:28.338892595,North,Standard Class,Sports,Retail,14,430,Medium,69.8,81.9,3.9,5.6,1.7,1,115.74,1514.76,51,0
ORD-100281,2025-03-10 05:38:08.725817211,North,First Class,Electronics,Corporate,4,941,Low,10.0,53.5,3.7,4.0,0.3,1,110.73,536.38,58,0
ORD-100282,2025-03-10 11:27:49.112741828,North,Standard Class,Electronics,Corporate,16,723,Low,63.9,59.0,4.4,4.7,0.3,1,159.41,1937.87,579,0
ORD-100283,2025-03-10 17:17:29.499666444,North,Standard Class,Electronics,Retail,4,496,Low,74.1,67.3,4.2,4.7,0.5,1,98.58,187.94,471,0
ORD-100284,2025-03-10 23:07:09.886591060,East,Standard Class,Electronics,Corporate,16,1464,Low,44.6,41.3,6.0,7.0,1.0,1,226.06,2094.31,30,1
ORD-100285,2025-03-11 04:56:50.273515677,South,First Class,Sports,Corporate,2,114,High,47.3,57.7,3.0,5.1,2.1,1,58.68,101.82,215,0
ORD-100286,2025-03-11 10:46:30.660440293,North,Standard Class,Sports,Retail,10,1142,Medium,35.7,85.4,5.5,7.1,1.6,1,163.11,423.32,160,0
ORD-100287,2025-03-11 16:36:11.047364910,South,Second Class,Clothing,Wholesale,13,331,Medium,45.6,73.4,3.4,4.8,1.4,1,122.02,1389.86,585,0
ORD-100288,2025-03-11 22:25:51.434289526,East,First Class,Electronics,Retail,6,349,Low,46.1,62.5,2.9,3.2,0.3,1,67.94,736.83,268,0
ORD-100289,2025-03-12 04:15:31.821214143,North,Standard Class,Clothing,Wholesale,13,248,Low,42.7,66.8,3.9,4.0,0.1,0,89.28,1635.42,163,0
ORD-100290,2025-03-12 10:05:12.208138759,West,First Class,Clothing,Retail,14,171,Medium,41.7,74.3,2.6,3.9,1.3,1,81.69,1592.35,384,0
ORD-100291,2025-03-12 15:54:52.595063375,North,Standard Class,Sports,Retail,14,203,Low,50.1,77.4,3.5,4.5,1.0,1,69.73,768.62,290,0
ORD-100292,2025-03-12 21:44:32.981987992,West,Standard Class,Clothing,Retail,8,1253,Low,49.9,56.1,5.4,6.2,0.8,1,179.57,434.63,120,0
ORD-100293,2025-03-13 03:34:13.368912608,North,Second Class,Clothing,Corporate,16,1391,Low,88.7,89.6,5.1,7.1,2.0,1,200.39,691.36,190,0
ORD-100294,2025-03-13 09:23:53.755837225,West,Same Day,Clothing,Retail,15,886,Low,47.9,86.1,3.4,3.8,0.4,1,167.42,1380.89,85,0
ORD-100295,2025-03-13 15:13:34.142761841,West,Standard Class,Home & Kitchen,Retail,7,40,Medium,61.2,75.8,3.2,3.9,0.7,1,69.31,570.2,419,0
ORD-100296,2025-03-13 21:03:14.529686457,West,Second Class,Sports,Retail,15,1300,Low,44.6,51.5,5.3,6.2,0.9,1,198.64,719.73,582,0
ORD-100297,2025-03-14 02:52:54.916611074,West,Standard Class,Clothing,Retail,19,911,Medium,44.4,48.7,4.8,6.7,1.9,1,163.6,1531.34,486,0
ORD-100298,2025-03-14 08:42:35.303535690,West,Second Class,Clothing,Corporate,17,791,Low,24.3,59.8,4.0,4.3,0.3,1,141.88,1534.96,231,0
ORD-100299,2025-03-14 14:32:15.690460307,East,Second Class,Electronics,Wholesale,15,1423,Low,26.7,66.0,5.1,5.9,0.8,1,200.74,1597.9,297,0
ORD-100300,2025-03-14 20:21:56.077384923,West,Second Class,Home & Kitchen,Retail,16,626,Low,33.3,36.7,4.0,4.4,0.4,1,146.44,1208.36,45,0
ORD-100301,2025-03-15 02:11:36.464309539,North,Second Class,Clothing,Retail,17,553,Medium,58.3,72.9,3.8,5.4,1.6,1,134.3,1125.73,226,0
ORD-100302,2025-03-15 08:01:16.851234156,East,Standard Class,Electronics,Retail,6,1174,Low,74.4,85.6,5.2,6.5,1.3,1,151.49,624.66,28,1
ORD-100303,2025-03-15 13:50:57.238158772,East,Second Class,Home & Kitchen,Retail,15,800,Low,22.8,74.2,4.2,5.5,1.3,1,131.85,1524.02,449,0
ORD-100304,2025-03-15 19:40:37.625083389,West,Second Class,Sports,Wholesale,4,1081,Low,45.1,54.2,4.8,5.7,0.9,1,145.55,275.19,546,0
ORD-100305,2025-03-16 01:30:18.012008005,South,Second Class,Electronics,Wholesale,8,1050,Medium,30.4,52.3,5.0,6.5,1.5,1,142.85,326.57,122,0
ORD-100306,2025-03-16 07:19:58.398932622,South,Standard Class,Electronics,Retail,19,1263,Medium,50.2,69.8,5.4,7.2,1.8,1,198.82,2409.86,407,0
ORD-100307,2025-03-16 13:09:38.785857238,East,Standard Class,Electronics,Retail,6,489,Low,74.4,62.5,4.1,5.2,1.1,1,98.83,655.18,363,0
ORD-100308,2025-03-16 18:59:19.172781854,North,Standard Class,Sports,Retail,17,126,High,47.0,72.1,3.6,6.2,2.6,1,91.92,923.56,256,0
ORD-100309,2025-03-17 00:48:59.559706471,North,Standard Class,Electronics,Retail,9,727,Low,54.1,74.6,4.4,5.9,1.5,1,131.11,820.45,442,0
ORD-100310,2025-03-17 06:38:39.946631087,South,Standard Class,Home & Kitchen,Retail,5,979,Low,81.2,82.5,5.0,6.2,1.2,1,148.11,486.97,411,0
ORD-100311,2025-03-17 12:28:20.333555704,South,Standard Class,Home & Kitchen,Wholesale,2,1230,Low,63.2,46.9,5.4,7.1,1.7,1,176.12,130.84,168,0
ORD-100312,2025-03-17 18:18:00.720480320,North,Second Class,Clothing,Retail,11,415,Medium,41.3,68.5,3.3,4.7,1.4,1,114.03,597.73,481,0
ORD-100313,2025-03-18 00:07:41.107404936,South,Standard Class,Sports,Corporate,10,1123,Low,57.9,59.2,5.3,6.8,1.5,1,183.53,1292.56,396,0
ORD-100314,2025-03-18 05:57:21.494329553,South,First Class,Clothing,Retail,11,1252,Low,40.1,63.4,4.7,5.8,1.1,1,166.11,953.43,194,0
ORD-100315,2025-03-18 11:47:01.881254169,South,Second Class,Electronics,Retail,1,1217,Low,62.6,78.8,5.1,6.5,1.4,1,129.45,89.7,443,0
ORD-100316,2025-03-18 17:36:42.268178786,South,First Class,Sports,Retail,6,1216,Low,64.3,80.6,4.4,6.2,1.8,1,162.1,701.1,387,0
ORD-100317,2025-03-18 23:26:22.655103402,East,Standard Class,Electronics,Retail,1,1482,Medium,30.4,87.4,5.9,8.2,2.3,1,177.61,124.16,79,0
ORD-100318,2025-03-19 05:16:03.042028018,South,Standard Class,Electronics,Retail,7,999,High,58.2,71.8,5.3,8.8,3.5,1,154.21,699.51,108,0
ORD-100319,2025-03-19 11:05:43.428952635,West,Second Class,Clothing,Retail,19,568,Low,52.9,63.2,4.2,5.0,0.8,1,155.46,1219.03,201,0
ORD-100320,2025-03-19 16:55:23.815877251,West,Same Day,Electronics,Wholesale,4,666,Low,64.8,61.0,3.3,4.2,0.9,1,79.75,181.98,36,0
ORD-100321,2025-03-19 22:45:04.202801868,South,Standard Class,Clothing,Retail,14,1126,Low,70.0,37.2,5.0,5.4,0.4,1,191.95,743.16,249,0
ORD-100322,2025-03-20 04:34:44.589726484,South,Second Class,Sports,Wholesale,1,370,Low,63.6,86.4,3.6,3.9,0.3,1,80.81,138.54,282,0
ORD-100323,2025-03-20 10:24:24.976651100,East,Second Class,Home & Kitchen,Wholesale,12,912,Low,49.5,59.8,4.4,5.2,0.8,1,132.33,1158.25,467,0
ORD-100324,2025-03-20 16:14:05.363575717,West,Second Class,Sports,Retail,19,868,High,71.8,73.1,4.4,7.1,2.7,1,177.38,2191.15,111,0
ORD-100325,2025-03-20 22:03:45.750500333,East,Standard Class,Home & Kitchen,Retail,7,1007,Low,39.3,75.9,4.9,6.2,1.3,1,146.24,289.52,344,0
ORD-100326,2025-03-21 03:53:26.137424950,West,Second Class,Clothing,Retail,4,643,Medium,31.2,45.1,3.7,4.4,0.7,1,108.77,450.17,402,0
ORD-100327,2025-03-21 09:43:06.524349566,East,Standard Class,Home & Kitchen,Retail,12,1115,Low,10.0,50.2,5.2,5.6,0.4,1,175.36,1006.3,275,0
ORD-100328,2025-03-21 15:32:46.911274183,East,Same Day,Clothing,Wholesale,6,125,Medium,53.7,89.8,2.3,3.4,1.1,1,73.43,592.98,545,0
ORD-100329,2025-03-21 21:22:27.298198799,South,Standard Class,Electronics,Corporate,18,1130,Low,40.2,69.6,5.3,6.8,1.5,1,166.8,1276.43,198,0
ORD-100330,2025-03-22 03:12:07.685123415,East,Standard Class,Home & Kitchen,Retail,17,1222,High,62.2,55.7,5.5,8.4,2.9,1,190.52,1634.36,250,0
ORD-100331,2025-03-22 09:01:48.072048032,North,Same Day,Electronics,Retail,14,1331,Medium,19.5,63.0,4.4,6.2,1.8,1,168.86,577.3,12,1
ORD-100332,2025-03-22 14:51:28.458972648,East,Standard Class,Electronics,Wholesale,13,1386,Low,43.4,82.4,5.8,7.2,1.4,1,200.91,552.88,252,0
ORD-100333,2025-03-22 20:41:08.845897265,West,Standard Class,Electronics,Wholesale,13,537,Medium,63.5,79.9,4.3,6.2,1.9,1,140.14,1457.67,21,1
ORD-100334,2025-03-23 02:30:49.232821881,North,Standard Class,Clothing,Retail,15,88,Low,36.5,41.5,3.3,3.7,0.4,1,72.46,705.0,590,0
ORD-100335,2025-03-23 08:20:29.619746497,East,Standard Class,Clothing,Corporate,10,987,Low,62.4,91.1,5.0,6.3,1.3,1,145.33,392.89,151,0
ORD-100336,2025-03-23 14:10:10.006671114,North,Standard Class,Clothing,Retail,20,153,Low,45.0,80.5,3.8,3.6,-0.2,0,96.82,2438.26,489,0
ORD-100337,2025-03-23 19:59:50.393595730,East,Standard Class,Home & Kitchen,Retail,7,435,Medium,54.4,62.6,4.0,5.3,1.3,1,91.96,434.63,78,0
ORD-100338,2025-03-24 01:49:30.780520347,North,First Class,Clothing,Retail,1,1060,Medium,65.7,45.9,4.3,6.2,1.9,1,140.63,122.13,171,0
ORD-100339,2025-03-24 07:39:11.167444963,West,Second Class,Clothing,Retail,14,900,Low,72.2,81.9,4.5,5.9,1.4,1,152.65,1632.76,80,0
ORD-100340,2025-03-24 13:28:51.554369579,North,Standard Class,Clothing,Corporate,14,918,Medium,56.7,72.6,4.8,6.3,1.5,1,165.46,1509.6,227,0
ORD-100341,2025-03-24 19:18:31.941294196,West,Second Class,Home & Kitchen,Retail,20,1132,Low,40.3,41.7,4.8,6.1,1.3,1,202.84,822.55,365,0
ORD-100342,2025-03-25 01:08:12.328218812,West,Standard Class,Electronics,Retail,8,263,Low,46.8,61.3,3.7,4.1,0.4,1,97.79,714.21,257,0
ORD-100343,2025-03-25 06:57:52.715143429,East,Same Day,Electronics,Retail,9,1191,Low,66.5,100.0,4.0,5.3,1.3,1,155.1,813.97,367,0
ORD-100344,2025-03-25 12:47:33.102068045,West,Standard Class,Clothing,Retail,12,888,Low,36.6,65.3,4.8,5.4,0.6,1,163.9,845.73,485,0
ORD-100345,2025-03-25 18:37:13.488992662,West,Second Class,Sports,Retail,8,642,Low,51.8,53.1,3.8,5.2,1.4,1,134.98,871.97,36,0
ORD-100346,2025-03-26 00:26:53.875917278,West,Standard Class,Home & Kitchen,Retail,16,706,Low,48.1,48.9,4.5,5.4,0.9,1,162.61,2046.47,260,0
ORD-100347,2025-03-26 06:16:34.262841894,North,Second Class,Sports,Wholesale,9,773,Low,53.1,93.4,4.3,5.7,1.4,1,129.48,464.03,360,0
ORD-100348,2025-03-26 12:06:14.649766511,East,Standard Class,Home & Kitchen,Retail,16,835,Low,36.8,78.6,4.7,5.2,0.5,1,144.57,805.79,318,0
ORD-100349,2025-03-26 17:55:55.036691127,North,First Class,Clothing,Wholesale,9,514,Medium,21.7,87.5,3.0,3.9,0.9,1,93.78,958.62,96,0
ORD-100350,2025-03-26 23:45:35.423615744,East,Standard Class,Electronics,Retail,5,350,Low,64.4,69.0,3.9,4.4,0.5,1,72.76,401.35,131,0
ORD-100351,2025-03-27 05:35:15.810540360,North,Same Day,Electronics,Wholesale,20,270,Medium,72.4,85.1,2.4,4.0,1.6,1,120.78,2219.02,232,0
ORD-100352,2025-03-27 11:24:56.197464976,East,Second Class,Electronics,Wholesale,11,524,Low,22.7,51.4,3.6,3.8,0.2,0,122.14,548.15,394,0
ORD-100353,2025-03-27 17:14:36.584389593,East,First Class,Clothing,Retail,15,405,Low,61.6,67.6,3.3,3.9,0.6,1,133.0,593.95,593,0
ORD-100354,2025-03-27 23:04:16.971314209,South,First Class,Clothing,Retail,12,784,Low,74.5,69.6,3.6,4.7,1.1,1,137.15,1239.16,227,0
ORD-100355,2025-03-28 04:53:57.358238826,East,Same Day,Clothing,Corporate,8,1370,Medium,65.7,87.1,4.6,6.7,2.1,1,180.47,1077.08,317,0
ORD-100356,2025-03-28 10:43:37.745163442,West,Standard Class,Clothing,Retail,20,180,Low,47.5,70.1,3.5,3.9,0.4,1,108.75,885.52,190,0
ORD-100357,2025-03-28 16:33:18.132088058,West,Standard Class,Clothing,Wholesale,8,477,Low,38.0,55.0,3.7,4.5,0.8,1,94.08,951.21,30,1
ORD-100358,2025-03-28 22:22:58.519012675,South,Standard Class,Sports,Retail,20,92,Medium,56.5,66.0,3.4,4.0,0.6,1,112.43,1434.81,245,0
ORD-100359,2025-03-29 04:12:38.905937291,East,Standard Class,Sports,Retail,9,1463,Medium,59.5,38.2,5.8,8.0,2.2,1,195.15,373.25,215,0
ORD-100360,2025-03-29 10:02:19.292861908,West,Second Class,Clothing,Retail,1,1057,Low,56.7,27.9,4.6,6.0,1.4,1,136.05,115.16,98,0
ORD-100361,2025-03-29 15:51:59.679786524,North,Same Day,Clothing,Corporate,1,377,Low,51.8,78.3,2.5,3.1,0.6,1,80.26,72.8,405,0
ORD-100362,2025-03-29 21:41:40.066711140,North,Same Day,Sports,Retail,20,633,Low,35.5,59.0,3.0,3.4,0.4,1,154.45,2036.46,162,0
ORD-100363,2025-03-30 03:31:20.453635757,North,Second Class,Sports,Wholesale,11,1090,Low,62.6,60.8,4.7,6.3,1.6,1,172.13,718.48,142,0
ORD-100364,2025-03-30 09:21:00.840560373,East,Second Class,Clothing,Wholesale,8,1438,Medium,63.5,78.3,5.1,7.1,2.0,1,176.39,689.23,239,0
ORD-100365,2025-03-30 15:10:41.227484990,South,First Class,Clothing,Retail,17,869,Low,58.6,87.4,4.2,5.4,1.2,1,172.55,944.98,579,0
ORD-100366,2025-03-30 21:00:21.614409606,West,Same Day,Sports,Retail,13,421,Low,57.0,73.6,2.6,3.0,0.4,1,115.79,1490.34,385,0
ORD-100367,2025-03-31 02:50:02.001334223,East,Standard Class,Sports,Retail,14,1052,Low,85.2,95.8,5.0,6.0,1.0,1,167.23,1752.38,260,0
ORD-100368,2025-03-31 08:39:42.388258839,South,Second Class,Electronics,Retail,14,1035,Low,43.8,73.0,4.5,5.5,1.0,1,168.84,1057.49,494,0
ORD-100369,2025-03-31 14:29:22.775183455,West,First Class,Clothing,Wholesale,4,973,Medium,78.1,69.8,4.3,5.9,1.6,1,142.01,339.76,22,1
ORD-100370,2025-03-31 20:19:03.162108072,West,Standard Class,Home & Kitchen,Retail,2,88,Low,41.8,68.8,3.1,3.4,0.3,1,65.88,259.35,208,0
ORD-100371,2025-04-01 02:08:43.549032688,South,Standard Class,Electronics,Retail,15,1066,Low,75.0,44.4,5.2,6.9,1.7,1,162.56,759.49,328,0
ORD-100372,2025-04-01 07:58:23.935957305,South,Same Day,Home & Kitchen,Wholesale,1,49,Low,77.2,80.3,1.9,3.3,1.4,1,67.03,113.29,298,0
ORD-100373,2025-04-01 13:48:04.322881921,South,Same Day,Electronics,Retail,15,1361,Low,49.7,25.9,4.3,5.4,1.1,1,197.43,1374.2,408,0
ORD-100374,2025-04-01 19:37:44.709806537,North,Same Day,Clothing,Retail,3,1326,Low,84.9,55.6,4.1,6.1,2.0,1,159.92,395.79,424,0
ORD-100375,2025-04-02 01:27:25.096731154,North,First Class,Clothing,Retail,6,854,Low,63.4,65.4,3.8,5.0,1.2,1,124.96,402.3,279,0
ORD-100376,2025-04-02 07:17:05.483655770,West,Standard Class,Electronics,Retail,15,976,Low,39.2,52.4,5.0,5.7,0.7,1,151.15,976.31,558,0
ORD-100377,2025-04-02 13:06:45.870580387,South,Standard Class,Home & Kitchen,Wholesale,13,120,Medium,48.3,57.8,3.5,3.8,0.3,1,65.21,860.99,557,0
ORD-100378,2025-04-02 18:56:26.257505003,South,Second Class,Clothing,Retail,16,1315,High,75.4,94.4,5.0,9.1,4.1,1,207.15,624.73,290,0
ORD-100379,2025-04-03 00:46:06.644429619,East,Second Class,Home & Kitchen,Retail,13,421,High,71.6,82.7,3.5,5.9,2.4,1,138.25,677.45,542,0
ORD-100380,2025-04-03 06:35:47.031354236,East,Second Class,Clothing,Retail,1,408,Low,36.0,54.0,3.7,4.5,0.8,1,57.29,141.73,388,0
ORD-100381,2025-04-03 12:25:27.418278852,West,Second Class,Home & Kitchen,Retail,17,1068,Low,52.5,57.5,4.4,5.7,1.3,1,166.57,1029.09,91,0
ORD-100382,2025-04-03 18:15:07.805203469,West,Standard Class,Home & Kitchen,Wholesale,5,1410,Low,58.7,44.6,5.8,6.8,1.0,1,184.41,226.76,80,0
ORD-100383,2025-04-04 00:04:48.192128085,South,Second Class,Clothing,Retail,3,751,Medium,45.9,76.3,4.0,5.7,1.7,1,111.9,206.91,57,0
ORD-100384,2025-04-04 05:54:28.579052702,South,Standard Class,Electronics,Corporate,18,771,Low,97.4,61.0,4.4,6.6,2.2,1,170.84,1351.48,134,0
ORD-100385,2025-04-04 11:44:08.965977318,West,Standard Class,Sports,Corporate,4,832,Low,59.2,33.5,4.8,6.2,1.4,1,122.4,373.12,194,0
ORD-100386,2025-04-04 17:33:49.352901934,East,Standard Class,Clothing,Retail,11,451,Low,53.9,66.6,3.9,4.4,0.5,1,102.54,470.18,50,0
ORD-100387,2025-04-04 23:23:29.739826551,West,Standard Class,Home & Kitchen,Wholesale,10,903,Low,76.4,72.0,4.6,5.7,1.1,1,145.21,1128.0,368,0
ORD-100388,2025-04-05 05:13:10.126751167,North,First Class,Clothing,Retail,16,1443,Medium,48.4,80.4,5.3,7.5,2.2,1,178.08,1858.05,252,0
ORD-100389,2025-04-05 11:02:50.513675784,West,Standard Class,Electronics,Corporate,1,586,Medium,73.1,63.8,4.4,6.0,1.6,1,82.56,72.83,364,0
ORD-100390,2025-04-05 16:52:30.900600400,East,Standard Class,Electronics,Retail,3,1164,Low,25.0,59.0,5.0,6.3,1.3,1,156.42,367.47,306,0
ORD-100391,2025-04-05 22:42:11.287525016,North,First Class,Sports,Retail,9,1166,High,46.8,96.8,4.3,7.7,3.4,1,178.33,659.0,170,0
ORD-100392,2025-04-06 04:31:51.674449633,East,Second Class,Home & Kitchen,Retail,10,1280,Low,73.9,65.1,5.2,6.2,1.0,1,196.54,790.35,372,0
ORD-100393,2025-04-06 10:21:32.061374249,East,Standard Class,Electronics,Retail,16,1091,Low,83.3,76.5,5.1,6.8,1.7,1,186.22,2016.04,571,0
ORD-100394,2025-04-06 16:11:12.448298866,North,Standard Class,Sports,Wholesale,13,1384,Low,41.1,56.4,6.0,7.1,1.1,1,165.6,1598.02,196,0
ORD-100395,2025-04-06 22:00:52.835223482,South,Standard Class,Home & Kitchen,Retail,3,1077,Medium,39.0,76.0,5.3,7.1,1.8,1,131.7,244.22,191,0
ORD-100396,2025-04-07 03:50:33.222148098,West,Second Class,Electronics,Retail,20,1465,Low,65.2,41.7,5.5,7.0,1.5,1,237.24,1671.36,314,0
ORD-100397,2025-04-07 09:40:13.609072715,South,Standard Class,Electronics,Retail,10,1079,Low,43.8,57.6,5.0,6.4,1.4,1,178.45,654.57,484,0
ORD-100398,2025-04-07 15:29:53.995997331,South,Standard Class,Sports,Corporate,20,1259,High,50.2,45.7,5.6,8.9,3.3,1,218.39,1717.1,323,0
ORD-100399,2025-04-07 21:19:34.382921948,South,Standard Class,Sports,Wholesale,20,1338,Low,70.8,55.3,5.4,6.6,1.2,1,208.39,2035.77,500,0
ORD-100400,2025-04-08 03:09:14.769846564,South,Second Class,Electronics,Retail,2,1476,Low,45.2,85.0,5.7,7.1,1.4,1,155.61,131.89,53,0
ORD-100401,2025-04-08 08:58:55.156771180,West,Standard Class,Home & Kitchen,Retail,11,901,Low,19.6,55.2,4.9,5.3,0.4,1,143.15,1373.26,68,0
ORD-100402,2025-04-08 14:48:35.543695797,West,First Class,Clothing,Retail,9,1071,High,31.6,76.5,4.2,6.4,2.2,1,154.3,961.77,249,0
ORD-100403,2025-04-08 20:38:15.930620413,North,Standard Class,Home & Kitchen,Corporate,10,1452,Medium,55.2,89.3,6.0,8.3,2.3,1,210.83,485.48,147,0
ORD-100404,2025-04-09 02:27:56.317545030,West,Second Class,Home & Kitchen,Wholesale,7,583,High,21.5,64.6,4.3,7.1,2.8,1,108.77,840.37,23,1
ORD-100405,2025-04-09 08:17:36.704469646,West,Standard Class,Home & Kitchen,Retail,12,196,Low,49.7,80.9,3.5,3.4,-0.1,0,90.22,1273.68,136,0
ORD-100406,2025-04-09 14:07:17.091394263,South,Standard Class,Clothing,Corporate,10,1329,Low,29.9,73.5,5.7,6.8,1.1,1,179.43,687.34,169,0
ORD-100407,2025-04-09 19:56:57.478318879,West,Standard Class,Electronics,Retail,4,955,Medium,84.5,66.9,4.9,7.0,2.1,1,141.91,366.79,552,0
ORD-100408,2025-04-10 01:46:37.865243495,North,First Class,Clothing,Wholesale,6,654,Low,94.0,77.0,3.6,5.1,1.5,1,125.59,719.89,471,0
ORD-100409,2025-04-10 07:36:18.252168112,West,First Class,Electronics,Retail,3,1081,Low,36.0,94.4,4.1,4.9,0.8,1,130.61,413.35,217,0
ORD-100410,2025-04-10 13:25:58.639092728,East,Standard Class,Sports,Retail,17,68,High,59.6,54.8,3.3,5.0,1.7,1,81.14,1050.98,575,0
ORD-100411,2025-04-10 19:15:39.026017345,East,Standard Class,Electronics,Retail,14,726,Low,37.7,49.7,4.5,4.6,0.1,0,155.48,1377.02,503,0
ORD-100412,2025-04-11 01:05:19.412941961,North,Same Day,Clothing,Retail,8,413,Low,49.4,48.7,3.0,4.0,1.0,1,77.94,946.18,157,0
ORD-100413,2025-04-11 06:54:59.799866577,West,Second Class,Electronics,Corporate,8,446,Medium,87.5,80.9,3.3,4.8,1.5,1,124.66,1044.39,292,0
ORD-100414,2025-04-11 12:44:40.186791194,North,Standard Class,Clothing,Retail,2,1455,High,46.6,83.1,5.8,8.9,3.1,1,146.74,127.09,553,0
ORD-100415,2025-04-11 18:34:20.573715810,North,Standard Class,Electronics,Wholesale,6,834,High,49.9,56.4,4.9,8.3,3.4,1,121.06,522.08,279,0
ORD-100416,2025-04-12 00:24:00.960640427,North,Second Class,Sports,Wholesale,19,227,Medium,38.0,30.8,3.2,3.8,0.6,1,121.82,2248.78,228,0
ORD-100417,2025-04-12 06:13:41.347565043,West,Second Class,Home & Kitchen,Wholesale,1,560,Low,75.6,54.2,3.8,4.9,1.1,1,94.38,52.1,543,0
ORD-100418,2025-04-12 12:03:21.734489659,North,Second Class,Electronics,Corporate,3,379,High,10.0,73.8,3.3,5.6,2.3,1,60.72,240.98,399,0
ORD-100419,2025-04-12 17:53:02.121414276,West,Same Day,Home & Kitchen,Retail,17,1366,Low,47.0,63.9,4.2,5.8,1.6,1,207.77,1579.46,270,0
ORD-100420,2025-04-12 23:42:42.508338892,East,Standard Class,Home & Kitchen,Retail,11,451,Medium,54.2,67.9,3.7,4.6,0.9,1,110.34,948.71,523,0
ORD-100421,2025-04-13 05:32:22.895263509,North,Standard Class,Clothing,Retail,1,548,Low,43.1,56.6,4.1,4.4,0.3,1,86.86,121.05,449,0
ORD-100422,2025-04-13 11:22:03.282188125,North,Standard Class,Sports,Retail,10,514,Medium,70.5,81.2,4.0,5.8,1.8,1,106.66,427.67,215,0
ORD-100423,2025-04-13 17:11:43.669112741,North,Standard Class,Clothing,Corporate,15,280,Low,76.6,70.5,3.7,5.2,1.5,1,108.08,1652.62,260,0
ORD-100424,2025-04-13 23:01:24.056037358,East,Standard Class,Electronics,Retail,7,1175,Medium,29.6,74.4,5.2,6.6,1.4,1,150.34,468.56,37,0
ORD-100425,2025-04-14 04:51:04.442961974,West,Standard Class,Clothing,Retail,8,873,Low,92.7,67.5,4.7,6.0,1.3,1,171.14,932.6,70,0
ORD-100426,2025-04-14 10:40:44.829886591,North,Standard Class,Electronics,Retail,13,667,Low,29.4,73.4,4.3,5.0,0.7,1,127.44,993.08,573,0
ORD-100427,2025-04-14 16:30:25.216811207,West,Second Class,Home & Kitchen,Retail,12,606,Low,78.2,72.3,3.9,5.2,1.3,1,123.81,487.11,41,0
ORD-100428,2025-04-14 22:20:05.603735824,North,Standard Class,Home & Kitchen,Wholesale,19,1007,Low,57.7,50.2,4.9,6.2,1.3,1,172.32,2435.08,503,0
ORD-100429,2025-04-15 04:09:45.990660440,West,Standard Class,Home & Kitchen,Retail,5,162,Medium,45.9,71.0,3.3,4.1,0.8,1,89.1,550.62,132,0
ORD-100430,2025-04-15 09:59:26.377585056,West,Second Class,Clothing,Wholesale,6,1399,Low,47.6,77.7,5.4,6.6,1.2,1,156.16,450.23,329,0
ORD-100431,2025-04-15 15:49:06.764509672,West,Second Class,Clothing,Wholesale,4,856,Low,54.4,83.5,4.5,5.7,1.2,1,129.4,268.29,436,0
ORD-100432,2025-04-15 21:38:47.151434290,East,First Class,Home & Kitchen,Wholesale,14,357,Low,58.8,71.7,3.1,4.2,1.1,1,107.33,1284.03,594,0
ORD-100433,2025-04-16 03:28:27.538358906,West,First Class,Electronics,Retail,11,816,Low,38.4,49.6,3.8,4.4,0.6,1,121.59,1441.2,230,0
ORD-100434,2025-04-16 09:18:07.925283522,North,Second Class,Electronics,Wholesale,7,1281,Low,50.8,52.0,5.1,6.3,1.2,1,159.05,476.39,555,0
ORD-100435,2025-04-16 15:07:48.312208138,North,Standard Class,Clothing,Retail,14,276,Low,41.1,58.0,3.3,3.3,0.0,0,105.0,1759.48,277,0
ORD-100436,2025-04-16 20:57:28.699132754,North,Standard Class,Clothing,Retail,8,795,Low,33.1,68.0,4.6,6.0,1.4,1,117.77,554.94,521,0
ORD-100437,2025-04-17 02:47:09.086057372,South,Second Class,Clothing,Wholesale,4,905,Low,40.3,63.0,4.4,5.3,0.9,1,130.68,434.71,70,0
ORD-100438,2025-04-17 08:36:49.472981988,East,Standard Class,Electronics,Wholesale,11,1219,Low,34.3,47.0,5.2,6.5,1.3,1,193.18,820.48,168,0
ORD-100439,2025-04-17 14:26:29.859906604,East,Standard Class,Sports,Retail,9,860,Low,47.4,46.9,4.6,5.4,0.8,1,140.14,413.52,377,0
ORD-100440,2025-04-17 20:16:10.246831220,West,Standard Class,Electronics,Corporate,9,1110,Low,62.8,31.4,5.1,6.2,1.1,1,143.74,1148.74,426,0
ORD-100441,2025-04-18 02:05:50.633755836,North,Standard Class,Electronics,Retail,9,1165,Low,57.2,20.0,5.5,6.0,0.5,1,155.03,490.11,484,0
ORD-100442,2025-04-18 07:55:31.020680454,East,Standard Class,Electronics,Retail,19,1339,Medium,90.5,62.9,5.8,7.5,1.7,1,207.55,2410.34,221,0
ORD-100443,2025-04-18 13:45:11.407605070,North,Standard Class,Clothing,Corporate,5,555,Low,15.2,100.0,4.0,4.9,0.9,1,93.27,240.72,378,0
ORD-100444,2025-04-18 19:34:51.794529686,South,First Class,Home & Kitchen,Retail,6,1062,Low,63.4,93.7,4.2,5.6,1.4,1,150.9,394.02,376,0
ORD-100445,2025-04-19 01:24:32.181454302,East,Same Day,Clothing,Wholesale,12,388,Low,55.1,49.3,2.5,3.1,0.6,1,110.74,1481.49,590,0
ORD-100446,2025-04-19 07:14:12.568378918,West,Standard Class,Sports,Retail,1,1270,High,69.7,67.4,5.7,8.6,2.9,1,174.78,135.66,79,0
ORD-100447,2025-04-19 13:03:52.955303536,East,Same Day,Sports,Wholesale,3,1428,Low,67.9,41.6,4.5,5.6,1.1,1,172.58,201.84,19,1
ORD-100448,2025-04-19 18:53:33.342228152,North,Standard Class,Clothing,Wholesale,12,455,Low,52.0,44.0,4.0,4.9,0.9,1,98.49,1108.64,349,0
ORD-100449,2025-04-20 00:43:13.729152768,East,Same Day,Home & Kitchen,Wholesale,11,851,High,58.1,45.8,3.5,6.8,3.3,1,157.85,599.04,19,1
ORD-100450,2025-04-20 06:32:54.116077384,North,Same Day,Sports,Retail,14,1237,Medium,41.6,61.4,4.0,5.6,1.6,1,198.09,1690.12,125,0
ORD-100451,2025-04-20 12:22:34.503002000,West,Standard Class,Clothing,Wholesale,3,60,Low,66.0,62.1,3.6,4.3,0.7,1,58.91,121.0,305,0
ORD-100452,2025-04-20 18:12:14.889926618,East,First Class,Electronics,Retail,18,1064,Medium,21.2,69.0,4.3,5.8,1.5,1,173.63,1567.84,168,0
ORD-100453,2025-04-21 00:01:55.276851234,North,Same Day,Electronics,Corporate,10,1235,Low,69.0,75.6,4.0,5.5,1.5,1,182.73,447.35,167,0
ORD-100454,2025-04-21 05:51:35.663775850,North,Same Day,Home & Kitchen,Retail,4,1310,Medium,54.6,59.6,4.2,6.9,2.7,1,161.17,443.41,214,0
ORD-100455,2025-04-21 11:41:16.050700466,North,Same Day,Home & Kitchen,Retail,7,311,Medium,46.2,65.6,2.7,3.7,1.0,1,61.21,876.64,415,0
ORD-100456,2025-04-21 17:30:56.437625084,West,Second Class,Home & Kitchen,Corporate,5,1141,Low,50.8,47.5,4.8,6.3,1.5,1,158.34,603.99,225,0
ORD-100457,2025-04-21 23:20:36.824549700,South,Standard Class,Home & Kitchen,Retail,10,1184,Low,52.1,43.5,5.5,6.7,1.2,1,179.6,738.66,477,0
ORD-100458,2025-04-22 05:10:17.211474316,West,First Class,Electronics,Retail,10,24,Low,78.4,41.0,2.3,2.8,0.5,1,90.74,575.78,103,0
ORD-100459,2025-04-22 10:59:57.598398932,East,Second Class,Home & Kitchen,Wholesale,9,1064,High,100.0,75.4,4.6,8.6,4.0,1,152.97,450.4,70,0
ORD-100460,2025-04-22 16:49:37.985323548,East,Second Class,Clothing,Retail,10,947,Low,77.0,59.6,4.6,6.0,1.4,1,154.45,1208.35,108,0
ORD-100461,2025-04-22 22:39:18.372248166,North,Standard Class,Home & Kitchen,Retail,19,1454,Low,44.8,35.1,5.7,6.8,1.1,1,218.24,855.02,551,0
ORD-100462,2025-04-23 04:28:58.759172782,West,Second Class,Electronics,Retail,20,83,Medium,66.3,64.0,3.1,4.8,1.7,1,105.04,1897.27,173,0
ORD-100463,2025-04-23 10:18:39.146097398,South,Standard Class,Clothing,Retail,10,1450,Medium,67.1,45.0,5.9,8.5,2.6,1,194.68,742.4,27,1
ORD-100464,2025-04-23 16:08:19.533022014,East,Second Class,Sports,Retail,20,866,Low,38.3,91.6,4.2,5.6,1.4,1,167.65,2617.96,196,0
ORD-100465,2025-04-23 21:57:59.919946630,East,Standard Class,Home & Kitchen,Retail,17,426,Medium,32.3,55.7,4.0,3.7,-0.3,0,123.53,1429.53,416,0
ORD-100466,2025-04-24 03:47:40.306871248,East,Second Class,Sports,Retail,17,593,Low,53.9,75.9,3.8,4.8,1.0,1,146.66,1499.09,223,0
ORD-100467,2025-04-24 09:37:20.693795864,West,First Class,Clothing,Retail,5,1155,Medium,69.5,82.4,4.6,6.9,2.3,1,169.66,645.65,236,0
ORD-100468,2025-04-24 15:27:01.080720480,North,Standard Class,Clothing,Retail,9,1495,Low,26.0,49.7,6.3,7.3,1.0,1,180.42,1188.89,60,0
ORD-100469,2025-04-24 21:16:41.467645096,South,Second Class,Home & Kitchen,Wholesale,8,489,Low,42.0,66.2,3.6,4.4,0.8,1,101.14,738.23,403,0
ORD-100470,2025-04-25 03:06:21.854569712,South,Standard Class,Clothing,Wholesale,2,1476,Low,65.3,73.9,6.0,7.7,1.7,1,168.62,265.55,140,0
ORD-100471,2025-04-25 08:56:02.241494330,South,Same Day,Clothing,Retail,2,951,Low,55.8,66.8,3.6,4.9,1.3,1,121.14,219.14,67,0
ORD-100472,2025-04-25 14:45:42.628418946,North,Second Class,Clothing,Retail,13,304,Low,80.5,70.8,3.4,4.2,0.8,1,86.21,991.96,431,0
ORD-100473,2025-04-25 20:35:23.015343562,North,Standard Class,Clothing,Corporate,9,905,Low,29.6,43.7,4.8,5.9,1.1,1,140.07,391.15,562,0
ORD-100474,2025-04-26 02:25:03.402268178,South,Standard Class,Clothing,Retail,17,1207,Medium,97.3,73.9,5.2,8.0,2.8,1,200.92,1790.37,370,0
ORD-100475,2025-04-26 08:14:43.789192794,South,Standard Class,Clothing,Retail,14,100,Medium,27.3,57.2,3.4,4.3,0.9,1,82.71,1424.35,563,0
ORD-100476,2025-04-26 14:04:24.176117412,South,Standard Class,Home & Kitchen,Retail,2,136,Medium,18.5,70.6,3.4,4.3,0.9,1,54.07,96.25,247,0
ORD-100477,2025-04-26 19:54:04.563042028,East,Same Day,Home & Kitchen,Retail,17,27,High,53.9,79.7,1.8,4.4,2.6,1,94.68,967.37,316,0
ORD-100478,2025-04-27 01:43:44.949966644,East,Second Class,Home & Kitchen,Wholesale,10,864,High,34.6,75.7,4.6,7.6,3.0,1,156.53,1071.44,220,0
ORD-100479,2025-04-27 07:33:25.336891260,South,Standard Class,Clothing,Corporate,12,105,Low,54.3,70.6,3.4,3.8,0.4,1,77.8,593.82,310,0
ORD-100480,2025-04-27 13:23:05.723815876,South,First Class,Clothing,Corporate,20,1400,Low,53.7,75.3,4.9,6.7,1.8,1,200.38,2054.78,536,0
ORD-100481,2025-04-27 19:12:46.110740494,North,Standard Class,Sports,Retail,13,209,Medium,51.5,76.0,3.8,5.1,1.3,1,92.96,1347.97,384,0
ORD-100482,2025-04-28 01:02:26.497665110,East,First Class,Home & Kitchen,Retail,1,126,High,39.8,88.9,2.3,5.2,2.9,1,75.79,72.35,25,1
ORD-100483,2025-04-28 06:52:06.884589726,South,Standard Class,Clothing,Retail,4,401,High,62.8,64.5,4.2,7.1,2.9,1,73.49,250.14,352,0
ORD-100484,2025-04-28 12:41:47.271514342,North,Second Class,Sports,Retail,9,1150,Medium,49.3,67.6,4.7,6.3,1.6,1,170.77,668.45,232,0
ORD-100485,2025-04-28 18:31:27.658438958,South,Same Day,Sports,Retail,1,1363,Low,74.9,79.9,4.4,6.9,2.5,1,176.44,110.01,330,0
ORD-100486,2025-04-29 00:21:08.045363576,South,Standard Class,Sports,Wholesale,4,391,High,51.8,57.2,3.8,5.4,1.6,1,56.86,382.4,339,0
ORD-100487,2025-04-29 06:10:48.432288192,North,Second Class,Sports,Retail,16,788,High,37.6,43.6,4.1,6.7,2.6,1,154.61,1714.29,357,0
ORD-100488,2025-04-29 12:00:28.819212808,East,Same Day,Electronics,Corporate,3,1165,Medium,24.6,72.9,4.3,5.7,1.4,1,152.32,385.55,521,0
ORD-100489,2025-04-29 17:50:09.206137424,East,Standard Class,Clothing,Retail,4,1200,Medium,51.9,61.7,5.7,8.3,2.6,1,150.82,187.4,516,0
ORD-100490,2025-04-29 23:39:49.593062040,East,Standard Class,Sports,Retail,11,246,Low,32.2,45.7,3.6,3.8,0.2,0,81.72,1151.63,583,0
ORD-100491,2025-04-30 05:29:29.979986658,East,Second Class,Electronics,Corporate,2,1261,High,30.7,73.0,5.2,7.8,2.6,1,144.18,167.53,370,0
ORD-100492,2025-04-30 11:19:10.366911274,East,Standard Class,Home & Kitchen,Wholesale,6,1304,Low,64.5,87.9,5.6,7.1,1.5,1,165.84,727.15,178,0
ORD-100493,2025-04-30 17:08:50.753835890,South,Standard Class,Sports,Retail,19,1108,Medium,23.0,38.9,5.5,6.6,1.1,1,179.61,834.91,125,0
ORD-100494,2025-04-30 22:58:31.140760506,West,Standard Class,Electronics,Retail,13,800,Low,80.4,81.4,4.3,5.5,1.2,1,141.86,1159.7,511,0
ORD-100495,2025-05-01 04:48:11.527685124,East,First Class,Home & Kitchen,Retail,20,599,Low,57.9,24.4,3.6,4.1,0.5,1,142.73,1760.45,549,0
ORD-100496,2025-05-01 10:37:51.914609740,South,Standard Class,Sports,Retail,8,1337,Low,54.2,58.6,5.5,6.6,1.1,1,191.04,568.26,31,1
ORD-100497,2025-05-01 16:27:32.301534356,East,Standard Class,Sports,Retail,13,1299,Low,36.4,94.4,5.1,6.5,1.4,1,170.31,1692.3,137,0
ORD-100498,2025-05-01 22:17:12.688458972,South,First Class,Clothing,Retail,5,787,Low,68.8,59.7,3.8,5.0,1.2,1,102.66,249.4,410,0
ORD-100499,2025-05-02 04:06:53.075383588,East,Second Class,Home & Kitchen,Wholesale,8,1118,High,54.9,66.4,5.2,7.9,2.7,1,172.7,417.2,107,0
ORD-100500,2025-05-02 09:56:33.462308206,East,First Class,Clothing,Retail,4,612,Low,42.7,77.2,3.4,3.6,0.2,0,100.64,403.18,39,0
ORD-100501,2025-05-02 15:46:13.849232822,West,Standard Class,Clothing,Wholesale,17,1120,Medium,58.6,37.5,5.4,7.3,1.9,1,178.47,1459.19,598,0
ORD-100502,2025-05-02 21:35:54.236157438,West,Same Day,Electronics,Wholesale,4,152,Low,24.7,66.2,2.4,2.7,0.3,1,60.35,245.06,66,0
ORD-100503,2025-05-03 03:25:34.623082054,South,Second Class,Sports,Retail,5,1355,Low,25.6,66.0,5.3,6.6,1.3,1,169.26,360.18,135,0
ORD-100504,2025-05-03 09:15:15.010006670,East,Standard Class,Sports,Retail,10,783,Medium,34.8,94.8,4.6,6.4,1.8,1,126.44,522.66,593,0
ORD-100505,2025-05-03 15:04:55.396931288,West,First Class,Clothing,Retail,9,906,Medium,61.3,45.2,3.7,5.9,2.2,1,149.74,1084.12,69,0
ORD-100506,2025-05-03 20:54:35.783855904,South,Standard Class,Clothing,Wholesale,7,300,Low,54.9,58.9,3.6,4.5,0.9,1,74.44,632.73,481,0
ORD-100507,2025-05-04 02:44:16.170780520,West,Standard Class,Home & Kitchen,Wholesale,8,802,Medium,73.9,50.1,4.8,7.5,2.7,1,130.02,490.13,341,0
ORD-100508,2025-05-04 08:33:56.557705136,South,Standard Class,Sports,Wholesale,6,24,Medium,38.4,48.4,3.3,5.2,1.9,1,31.27,434.97,328,0
ORD-100509,2025-05-04 14:23:36.944629752,North,Second Class,Electronics,Retail,19,1338,Low,65.3,83.0,5.3,6.3,1.0,1,221.93,2341.71,498,0
ORD-100510,2025-05-04 20:13:17.331554370,North,Standard Class,Home & Kitchen,Retail,12,1129,High,53.0,65.4,5.3,7.5,2.2,1,167.61,1464.87,22,1
ORD-100511,2025-05-05 02:02:57.718478986,West,Standard Class,Sports,Retail,19,693,Medium,38.0,56.1,4.9,6.2,1.3,1,157.81,810.53,45,0
ORD-100512,2025-05-05 07:52:38.105403602,North,Standard Class,Home & Kitchen,Retail,20,1257,Medium,61.9,56.7,5.4,7.6,2.2,1,208.99,1980.5,125,0
ORD-100513,2025-05-05 13:42:18.492328218,South,Standard Class,Home & Kitchen,Wholesale,14,1221,Low,53.8,56.0,5.7,6.9,1.2,1,189.64,730.08,299,0
ORD-100514,2025-05-05 19:31:58.879252834,South,Standard Class,Home & Kitchen,Retail,17,196,Low,43.7,57.4,3.6,4.2,0.6,1,102.71,941.46,577,0
ORD-100515,2025-05-06 01:21:39.266177452,North,Second Class,Sports,Retail,3,99,Low,55.8,44.8,3.3,3.5,0.2,0,62.87,354.27,50,0
ORD-100516,2025-05-06 07:11:19.653102068,South,Standard Class,Sports,Retail,19,395,Medium,52.7,60.9,3.7,4.7,1.0,1,114.66,2292.67,257,0
ORD-100517,2025-05-06 13:01:00.040026684,East,Standard Class,Electronics,Retail,10,21,Medium,52.2,59.3,3.3,4.1,0.8,1,55.99,429.19,262,0
ORD-100518,2025-05-06 18:50:40.426951300,North,Second Class,Clothing,Wholesale,15,868,Low,47.6,52.9,4.3,5.1,0.8,1,153.78,1796.38,125,0
ORD-100519,2025-05-07 00:40:20.813875916,West,Standard Class,Home & Kitchen,Retail,5,802,Low,31.5,67.5,4.7,5.7,1.0,1,112.29,545.09,212,0
ORD-100520,2025-05-07 06:30:01.200800534,West,Second Class,Clothing,Corporate,2,816,Low,56.3,68.8,4.5,5.3,0.8,1,133.62,241.86,128,0
ORD-100521,2025-05-07 12:19:41.587725150,South,Standard Class,Home & Kitchen,Corporate,18,129,Low,40.6,56.1,3.5,3.6,0.1,0,103.94,1987.87,90,0
ORD-100522,2025-05-07 18:09:21.974649766,North,Standard Class,Electronics,Corporate,9,1379,High,36.6,62.7,5.9,9.1,3.2,1,172.31,790.05,317,0
ORD-100523,2025-05-07 23:59:02.361574382,East,Standard Class,Clothing,Wholesale,3,1466,Low,50.7,99.5,5.7,7.2,1.5,1,170.54,418.85,559,0
ORD-100524,2025-05-08 05:48:42.748498998,North,Standard Class,Clothing,Wholesale,14,894,Low,68.2,98.9,4.7,6.5,1.8,1,158.57,783.3,248,0
ORD-100525,2025-05-08 11:38:23.135423616,South,Standard Class,Clothing,Wholesale,2,28,Low,58.3,48.1,3.3,3.3,0.0,0,48.96,166.78,384,0
ORD-100526,2025-05-08 17:28:03.522348232,West,First Class,Electronics,Retail,10,606,Low,45.4,50.4,3.5,3.7,0.2,0,122.22,670.8,405,0
ORD-100527,2025-05-08 23:17:43.909272848,West,Standard Class,Electronics,Retail,15,1083,Medium,44.7,48.0,5.1,6.9,1.8,1,173.74,1729.45,507,0
ORD-100528,2025-05-09 05:07:24.296197464,West,Second Class,Home & Kitchen,Retail,15,1128,High,66.4,81.9,4.7,8.1,3.4,1,162.66,676.69,496,0
ORD-100529,2025-05-09 10:57:04.683122080,South,Second Class,Clothing,Retail,10,380,Low,11.9,58.6,3.7,3.5,-0.2,0,69.92,773.39,544,0
ORD-100530,2025-05-09 16:46:45.070046698,East,Standard Class,Electronics,Retail,8,1238,Low,69.4,68.8,5.4,7.3,1.9,1,165.67,904.98,490,0
ORD-100531,2025-05-09 22:36:25.456971314,East,Second Class,Electronics,Corporate,17,1452,Low,21.3,97.0,5.7,7.6,1.9,1,213.6,1142.99,558,0
ORD-100532,2025-05-10 04:26:05.843895930,South,Standard Class,Clothing,Retail,4,773,Low,29.5,64.8,4.6,5.0,0.4,1,110.7,254.57,579,0
ORD-100533,2025-05-10 10:15:46.230820546,East,Standard Class,Electronics,Retail,2,585,Low,45.7,76.3,4.4,5.7,1.3,1,110.45,137.43,451,0
ORD-100534,2025-05-10 16:05:26.617745164,North,Standard Class,Sports,Wholesale,4,799,Low,94.1,73.3,4.8,5.4,0.6,1,124.44,435.13,300,0
ORD-100535,2025-05-10 21:55:07.004669780,North,First Class,Home & Kitchen,Retail,17,60,Medium,85.2,55.6,2.4,4.2,1.8,1,112.51,1059.95,191,0
ORD-100536,2025-05-11 03:44:47.391594396,East,Same Day,Electronics,Corporate,10,795,Low,67.7,81.9,3.4,4.3,0.9,1,151.52,756.4,347,0
ORD-100537,2025-05-11 09:34:27.778519012,North,Standard Class,Sports,Retail,1,59,Low,61.4,51.4,3.7,4.4,0.7,1,62.7,88.61,499,0
ORD-100538,2025-05-11 15:24:08.165443628,North,Second Class,Electronics,Corporate,4,71,Low,21.5,86.4,3.0,2.8,-0.2,0,39.97,499.62,454,0
ORD-100539,2025-05-11 21:13:48.552368246,West,First Class,Clothing,Wholesale,1,839,Medium,57.8,55.6,4.1,5.7,1.6,1,116.16,135.63,316,0
ORD-100540,2025-05-12 03:03:28.939292862,West,Standard Class,Home & Kitchen,Retail,17,776,Low,45.1,57.4,4.7,5.2,0.5,1,166.95,917.51,54,0
ORD-100541,2025-05-12 08:53:09.326217478,East,First Class,Clothing,Retail,10,1481,Low,40.3,47.6,5.1,6.2,1.1,1,195.99,1233.36,170,0
ORD-100542,2025-05-12 14:42:49.713142094,West,Second Class,Home & Kitchen,Retail,2,771,Medium,57.8,50.2,4.2,6.4,2.2,1,119.52,253.64,350,0
ORD-100543,2025-05-12 20:32:30.100066710,West,Same Day,Electronics,Retail,5,1471,Low,46.5,58.2,4.7,6.0,1.3,1,162.46,573.11,237,0
ORD-100544,2025-05-13 02:22:10.486991328,North,Same Day,Clothing,Retail,13,1215,High,70.6,26.1,4.2,8.0,3.8,1,204.87,1129.83,279,0
ORD-100545,2025-05-13 08:11:50.873915944,South,Standard Class,Clothing,Corporate,12,519,Low,20.2,61.3,3.9,4.1,0.2,0,104.44,515.16,187,0
ORD-100546,2025-05-13 14:01:31.260840560,South,Standard Class,Clothing,Retail,17,1391,Medium,56.4,56.9,5.8,8.4,2.6,1,181.97,1785.81,54,0
ORD-100547,2025-05-13 19:51:11.647765176,North,Second Class,Home & Kitchen,Corporate,1,734,High,39.2,77.6,4.1,6.1,2.0,1,100.58,106.26,285,0
ORD-100548,2025-05-14 01:40:52.034689792,East,Standard Class,Electronics,Retail,2,901,Low,47.6,71.8,4.8,5.7,0.9,1,93.33,155.89,272,0
ORD-100549,2025-05-14 07:30:32.421614410,South,Standard Class,Home & Kitchen,Corporate,1,168,Medium,60.5,53.7,3.7,4.7,1.0,1,46.22,40.98,470,0
ORD-100550,2025-05-14 13:20:12.808539026,South,Same Day,Home & Kitchen,Retail,8,334,Low,34.9,57.7,2.4,3.3,0.9,1,119.88,465.62,76,0
ORD-100551,2025-05-14 19:09:53.195463642,North,Standard Class,Clothing,Retail,15,793,Medium,58.0,61.2,4.4,6.1,1.7,1,145.3,1411.9,296,0
ORD-100552,2025-05-15 00:59:33.582388258,North,Standard Class,Clothing,Retail,14,421,High,51.2,88.8,4.1,5.9,1.8,1,97.6,652.0,513,0
ORD-100553,2025-05-15 06:49:13.969312874,West,First Class,Clothing,Retail,5,908,Medium,43.1,51.8,3.8,4.9,1.1,1,131.16,513.56,168,0
ORD-100554,2025-05-15 12:38:54.356237492,North,Standard Class,Clothing,Wholesale,14,138,High,46.5,53.5,3.1,4.8,1.7,1,79.34,1584.3,196,0
ORD-100555,2025-05-15 18:28:34.743162108,North,Standard Class,Home & Kitchen,Retail,14,391,Low,52.2,46.9,4.1,4.9,0.8,1,122.67,924.91,61,0
ORD-100556,2025-05-16 00:18:15.130086724,South,Same Day,Clothing,Retail,4,1005,Low,41.2,41.3,3.8,4.9,1.1,1,125.49,201.3,348,0
ORD-100557,2025-05-16 06:07:55.517011340,South,Standard Class,Home & Kitchen,Retail,15,926,Low,55.1,69.9,5.0,6.0,1.0,1,164.07,751.85,514,0
ORD-100558,2025-05-16 11:57:35.903935956,East,Standard Class,Sports,Wholesale,9,1476,Medium,50.0,68.2,5.8,7.7,1.9,1,177.0,665.29,294,0
ORD-100559,2025-05-16 17:47:16.290860574,South,Standard Class,Clothing,Retail,2,1352,Medium,44.0,85.5,5.4,7.7,2.3,1,191.79,265.11,256,0
ORD-100560,2025-05-16 23:36:56.677785190,North,Same Day,Sports,Retail,8,1220,Low,83.6,81.7,3.9,5.2,1.3,1,176.38,798.65,451,0
ORD-100561,2025-05-17 05:26:37.064709806,North,Standard Class,Clothing,Retail,16,21,Low,62.5,100.0,3.2,4.0,0.8,1,85.74,1879.82,270,0
ORD-100562,2025-05-17 11:16:17.451634422,West,Second Class,Home & Kitchen,Retail,14,912,Low,48.1,63.8,4.2,5.3,1.1,1,152.58,1839.95,245,0
ORD-100563,2025-05-17 17:05:57.838559038,East,Standard Class,Electronics,Retail,6,359,Medium,57.6,60.8,3.9,5.1,1.2,1,81.98,336.23,460,0
ORD-100564,2025-05-17 22:55:38.225483656,East,Standard Class,Home & Kitchen,Corporate,16,415,High,36.5,44.2,3.9,6.2,2.3,1,108.72,1628.58,177,0
ORD-100565,2025-05-18 04:45:18.612408272,East,Same Day,Home & Kitchen,Retail,8,330,Low,47.1,76.1,2.5,3.1,0.6,1,80.84,644.45,511,0
ORD-100566,2025-05-18 10:34:58.999332888,West,Second Class,Home & Kitchen,Wholesale,10,695,Low,49.2,66.9,4.1,5.1,1.0,1,147.12,839.65,168,0
ORD-100567,2025-05-18 16:24:39.386257504,North,Same Day,Clothing,Retail,2,203,Low,32.6,75.4,2.3,2.1,-0.2,0,54.94,137.95,311,0
ORD-100568,2025-05-18 22:14:19.773182120,South,Standard Class,Home & Kitchen,Retail,20,807,Low,62.0,46.8,4.8,6.0,1.2,1,139.48,1374.98,157,0
ORD-100569,2025-05-19 04:04:00.160106738,East,Second Class,Clothing,Retail,17,265,High,45.9,70.6,3.2,5.8,2.6,1,94.94,1695.15,383,0
ORD-100570,2025-05-19 09:53:40.547031354,South,First Class,Home & Kitchen,Retail,4,761,Low,48.6,68.3,3.8,4.8,1.0,1,127.45,398.74,266,0
ORD-100571,2025-05-19 15:43:20.933955970,West,Standard Class,Electronics,Retail,12,946,Low,44.8,67.2,5.0,6.2,1.2,1,150.16,811.47,151,0
ORD-100572,2025-05-19 21:33:01.320880586,South,Standard Class,Clothing,Retail,16,286,Low,100.0,54.1,3.3,4.3,1.0,1,112.9,748.82,448,0
ORD-100573,2025-05-20 03:22:41.707805204,West,First Class,Clothing,Retail,11,172,Low,43.1,84.0,2.8,3.5,0.7,1,98.53,994.42,561,0
ORD-100574,2025-05-20 09:12:22.094729820,West,Standard Class,Clothing,Corporate,5,1214,High,17.8,97.8,5.4,8.2,2.8,1,144.5,562.63,26,1
ORD-100575,2025-05-20 15:02:02.481654436,South,Second Class,Clothing,Retail,20,1113,Low,26.2,47.2,4.9,5.3,0.4,1,194.34,1794.77,345,0
ORD-100576,2025-05-20 20:51:42.868579052,West,Same Day,Home & Kitchen,Retail,6,407,Low,68.7,76.5,2.4,3.6,1.2,1,86.02,224.29,433,0
ORD-100577,2025-05-21 02:41:23.255503668,East,Standard Class,Electronics,Retail,7,1333,Low,79.1,20.0,5.6,6.4,0.8,1,183.61,472.73,434,0
ORD-100578,2025-05-21 08:31:03.642428286,West,Standard Class,Sports,Retail,8,347,High,42.7,75.7,3.6,6.0,2.4,1,86.53,882.13,140,0
ORD-100579,2025-05-21 14:20:44.029352902,South,Standard Class,Electronics,Wholesale,18,1392,High,78.0,35.1,5.9,9.1,3.2,1,208.38,1941.52,77,0
ORD-100580,2025-05-21 20:10:24.416277518,South,Standard Class,Home & Kitchen,Retail,11,187,Low,68.3,56.6,3.3,3.7,0.4,1,98.63,401.49,313,0
ORD-100581,2025-05-22 02:00:04.803202134,East,Standard Class,Home & Kitchen,Retail,15,997,Low,51.6,44.0,4.8,5.8,1.0,1,175.41,1225.08,385,0
ORD-100582,2025-05-22 07:49:45.190126750,North,Second Class,Clothing,Retail,19,48,Low,50.3,61.6,3.0,3.1,0.1,0,94.43,1455.8,180,0
ORD-100583,2025-05-22 13:39:25.577051368,South,Standard Class,Sports,Retail,19,312,Low,58.3,78.4,3.7,4.6,0.9,1,114.16,1851.73,227,0
ORD-100584,2025-05-22 19:29:05.963975984,West,Second Class,Home & Kitchen,Corporate,18,619,Low,70.8,35.3,3.8,4.7,0.9,1,163.9,862.29,323,0
ORD-100585,2025-05-23 01:18:46.350900600,East,Standard Class,Home & Kitchen,Retail,19,146,Medium,62.2,59.2,3.6,4.6,1.0,1,113.25,1791.03,275,0
ORD-100586,2025-05-23 07:08:26.737825216,North,Standard Class,Clothing,Wholesale,19,696,High,42.8,56.8,4.6,7.6,3.0,1,145.9,2395.07,295,0
ORD-100587,2025-05-23 12:58:07.124749832,South,Standard Class,Clothing,Retail,20,363,Low,51.9,90.3,4.0,4.8,0.8,1,118.25,1417.21,412,0
ORD-100588,2025-05-23 18:47:47.511674450,North,Second Class,Home & Kitchen,Corporate,13,166,Low,90.7,71.9,3.3,4.4,1.1,1,107.39,876.62,590,0
ORD-100589,2025-05-24 00:37:27.898599066,North,Standard Class,Clothing,Retail,3,1444,Low,59.5,46.2,5.8,7.7,1.9,1,174.36,156.38,479,0
ORD-100590,2025-05-24 06:27:08.285523682,West,Standard Class,Home & Kitchen,Retail,3,1474,Low,70.6,57.5,5.8,7.9,2.1,1,174.9,165.58,14,1
ORD-100591,2025-05-24 12:16:48.672448298,South,First Class,Clothing,Wholesale,16,1445,Low,64.7,89.9,4.9,6.8,1.9,1,210.17,2019.34,216,0
ORD-100592,2025-05-24 18:06:29.059372914,South,Second Class,Home & Kitchen,Retail,7,248,Low,59.9,76.4,3.3,3.8,0.5,1,86.22,901.15,15,1
ORD-100593,2025-05-24 23:56:09.446297532,East,Standard Class,Electronics,Retail,17,585,High,57.0,50.3,4.2,6.2,2.0,1,136.78,621.66,525,0
ORD-100594,2025-05-25 05:45:49.833222148,North,Same Day,Electronics,Corporate,19,504,Low,71.2,60.7,2.7,3.7,1.0,1,152.13,2305.85,390,0
ORD-100595,2025-05-25 11:35:30.220146764,South,Standard Class,Home & Kitchen,Retail,13,502,Medium,67.9,61.2,4.2,6.1,1.9,1,136.03,684.9,139,0
ORD-100596,2025-05-25 17:25:10.607071380,East,Standard Class,Home & Kitchen,Wholesale,16,636,Low,59.8,56.4,4.6,5.6,1.0,1,145.82,1432.35,505,0
ORD-100597,2025-05-25 23:14:50.993995996,East,Standard Class,Home & Kitchen,Wholesale,6,775,Low,42.5,37.6,4.7,4.1,-0.6,0,138.67,619.79,342,0
ORD-100598,2025-05-26 05:04:31.380920614,West,Standard Class,Home & Kitchen,Corporate,9,738,Low,61.9,54.2,4.9,6.1,1.2,1,129.56,644.14,40,0
ORD-100599,2025-05-26 10:54:11.767845230,East,Standard Class,Clothing,Corporate,20,451,High,53.8,87.2,3.9,6.8,2.9,1,142.07,1718.61,99,0
ORD-100600,2025-05-26 16:43:52.154769846,South,Second Class,Clothing,Retail,17,1471,Low,49.5,58.9,5.1,6.4,1.3,1,223.93,1652.61,487,0
ORD-100601,2025-05-26 22:33:32.541694462,West,Standard Class,Electronics,Retail,5,1470,Low,100.0,63.3,6.0,8.3,2.3,1,197.68,311.21,180,0
ORD-100602,2025-05-27 04:23:12.928619078,West,First Class,Clothing,Retail,19,510,Medium,27.3,67.2,3.2,4.5,1.3,1,143.92,2474.93,319,0
ORD-100603,2025-05-27 10:12:53.315543696,East,Same Day,Electronics,Wholesale,10,347,Medium,72.3,100.0,2.5,4.0,1.5,1,107.75,554.1,538,0
ORD-100604,2025-05-27 16:02:33.702468312,West,Second Class,Home & Kitchen,Corporate,17,808,Medium,39.5,65.1,4.0,5.9,1.9,1,177.81,635.94,180,0
ORD-100605,2025-05-27 21:52:14.089392928,West,Second Class,Electronics,Retail,11,566,Low,57.4,82.5,3.7,4.2,0.5,1,113.22,1388.76,16,1
ORD-100606,2025-05-28 03:41:54.476317544,West,Second Class,Electronics,Retail,13,1481,Low,100.0,55.4,5.2,7.1,1.9,1,206.12,1029.4,59,0
ORD-100607,2025-05-28 09:31:34.863242160,North,Same Day,Electronics,Retail,4,655,Medium,37.7,60.8,3.0,4.3,1.3,1,103.42,311.13,550,0
ORD-100608,2025-05-28 15:21:15.250166778,East,Standard Class,Electronics,Retail,7,78,Low,42.0,65.2,3.3,3.3,0.0,0,61.15,430.66,363,0
ORD-100609,2025-05-28 21:10:55.637091394,South,Standard Class,Electronics,Corporate,15,205,Low,54.7,52.6,3.6,4.1,0.5,1,75.62,567.96,203,0
ORD-100610,2025-05-29 03:00:36.024016010,East,Second Class,Sports,Retail,17,130,Low,39.8,61.7,3.3,4.0,0.7,1,113.22,1026.18,56,0
ORD-100611,2025-05-29 08:50:16.410940626,East,Second Class,Clothing,Wholesale,2,586,Low,70.9,79.2,4.0,5.5,1.5,1,86.41,162.31,420,0
ORD-100612,2025-05-29 14:39:56.797865244,West,Standard Class,Sports,Wholesale,2,488,High,45.4,52.2,3.8,6.4,2.6,1,89.37,183.5,33,1
ORD-100613,2025-05-29 20:29:37.184789860,West,Second Class,Home & Kitchen,Corporate,14,1288,Medium,66.8,65.0,5.3,6.9,1.6,1,173.23,1137.31,64,0
ORD-100614,2025-05-30 02:19:17.571714476,South,Standard Class,Sports,Retail,9,1338,Low,31.1,76.3,5.7,6.4,0.7,1,184.21,1106.72,360,0
ORD-100615,2025-05-30 08:08:57.958639092,East,Same Day,Sports,Corporate,17,227,High,22.5,51.8,2.3,4.2,1.9,1,93.47,2073.61,388,0
ORD-100616,2025-05-30 13:58:38.345563708,East,Standard Class,Clothing,Wholesale,2,1418,Low,50.9,82.5,5.8,7.3,1.5,1,153.41,172.8,346,0
ORD-100617,2025-05-30 19:48:18.732488326,South,Standard Class,Electronics,Wholesale,7,884,Low,26.8,66.2,4.8,5.3,0.5,1,134.59,909.62,546,0
ORD-100618,2025-05-31 01:37:59.119412942,North,Standard Class,Clothing,Retail,1,474,Low,82.3,62.4,3.9,5.6,1.7,1,79.46,131.39,168,0
ORD-100619,2025-05-31 07:27:39.506337558,North,Standard Class,Home & Kitchen,Retail,15,622,Medium,27.5,32.9,4.3,5.4,1.1,1,124.78,1865.54,337,0
ORD-100620,2025-05-31 13:17:19.893262174,West,Standard Class,Sports,Wholesale,18,673,Low,36.3,59.0,4.6,5.4,0.8,1,147.22,1858.02,190,0
ORD-100621,2025-05-31 19:07:00.280186790,South,Standard Class,Electronics,Retail,4,272,Low,62.4,70.9,3.6,4.6,1.0,1,86.01,223.5,223,0
ORD-100622,2025-06-01 00:56:40.667111408,West,Standard Class,Clothing,Retail,7,1304,Medium,44.4,92.9,5.4,7.5,2.1,1,160.25,413.95,98,0
ORD-100623,2025-06-01 06:46:21.054036024,South,Standard Class,Home & Kitchen,Retail,17,38,Low,27.7,74.1,3.3,4.3,1.0,1,75.56,2063.61,478,0
ORD-100624,2025-06-01 12:36:01.440960640,West,Standard Class,Sports,Retail,1,123,High,91.7,83.0,3.2,5.6,2.4,1,59.44,86.86,425,0
ORD-100625,2025-06-01 18:25:41.827885256,South,Standard Class,Clothing,Retail,20,424,Low,37.0,45.7,3.7,3.8,0.1,0,135.95,2404.61,430,0
ORD-100626,2025-06-02 00:15:22.214809872,West,Standard Class,Home & Kitchen,Retail,18,232,Low,51.5,63.0,3.6,3.7,0.1,0,127.05,1869.1,93,0
ORD-100627,2025-06-02 06:05:02.601734490,North,Standard Class,Sports,Retail,4,111,Medium,51.2,84.5,3.7,5.4,1.7,1,48.52,224.08,79,0
ORD-100628,2025-06-02 11:54:42.988659106,East,Standard Class,Sports,Corporate,3,587,Low,67.8,50.8,4.3,5.4,1.1,1,97.32,232.27,471,0
ORD-100629,2025-06-02 17:44:23.375583722,West,Standard Class,Electronics,Corporate,14,577,Low,63.3,80.4,4.3,5.1,0.8,1,143.55,1794.52,402,0
ORD-100630,2025-06-02 23:34:03.762508338,West,Standard Class,Electronics,Retail,1,205,Low,40.1,76.7,3.2,3.3,0.1,0,83.61,43.01,27,1
ORD-100631,2025-06-03 05:23:44.149432954,West,First Class,Home & Kitchen,Retail,11,1219,High,49.1,69.4,4.7,8.2,3.5,1,162.29,1168.31,402,0
ORD-100632,2025-06-03 11:13:24.536357572,North,Same Day,Sports,Retail,2,1327,Medium,50.9,59.7,4.3,6.4,2.1,1,150.44,295.78,588,0
ORD-100633,2025-06-03 17:03:04.923282188,South,Same Day,Clothing,Retail,11,1085,Medium,68.5,49.2,3.8,6.2,2.4,1,169.72,526.38,453,0
ORD-100634,2025-06-03 22:52:45.310206804,North,Second Class,Sports,Corporate,8,793,Low,34.0,93.4,4.3,5.1,0.8,1,121.15,510.5,173,0
ORD-100635,2025-06-04 04:42:25.697131420,North,Second Class,Electronics,Retail,15,1423,Low,91.3,75.1,5.4,7.5,2.1,1,198.3,1347.18,196,0
ORD-100636,2025-06-04 10:32:06.084056036,East,Standard Class,Home & Kitchen,Retail,18,539,Low,41.3,70.4,4.0,4.7,0.7,1,137.3,2089.01,453,0
ORD-100637,2025-06-04 16:21:46.470980654,East,First Class,Electronics,Retail,10,652,Low,54.8,58.4,3.6,4.2,0.6,1,142.59,850.75,246,0
ORD-100638,2025-06-04 22:11:26.857905270,West,First Class,Home & Kitchen,Retail,13,42,Medium,34.1,65.6,2.7,3.5,0.8,1,62.05,529.86,444,0
ORD-100639,2025-06-05 04:01:07.244829886,West,First Class,Clothing,Corporate,13,1068,Low,31.6,67.6,4.3,4.8,0.5,1,182.65,644.11,576,0
ORD-100640,2025-06-05 09:50:47.631754502,East,First Class,Electronics,Wholesale,20,156,Low,39.3,71.4,2.5,3.0,0.5,1,100.08,1418.97,249,0
ORD-100641,2025-06-05 15:40:28.018679118,West,Standard Class,Electronics,Retail,5,1005,Low,37.5,76.7,5.0,6.2,1.2,1,142.57,358.36,348,0
ORD-100642,2025-06-05 21:30:08.405603736,North,First Class,Home & Kitchen,Retail,5,1178,Low,47.5,52.5,4.7,6.1,1.4,1,173.42,314.69,298,0
ORD-100643,2025-06-06 03:19:48.792528352,North,First Class,Electronics,Corporate,8,341,Low,37.4,41.5,2.8,3.3,0.5,1,93.98,928.73,310,0
ORD-100644,2025-06-06 09:09:29.179452968,East,Standard Class,Electronics,Retail,15,926,Low,67.5,66.3,5.0,6.2,1.2,1,158.74,591.09,54,0
ORD-100645,2025-06-06 14:59:09.566377584,West,Same Day,Sports,Corporate,18,469,Low,40.9,37.0,2.6,3.5,0.9,1,136.99,2062.25,592,0
ORD-100646,2025-06-06 20:48:49.953302200,North,Standard Class,Clothing,Corporate,6,609,Low,38.9,59.8,4.4,5.3,0.9,1,105.56,753.63,329,0
ORD-100647,2025-06-07 02:38:30.340226818,East,Same Day,Clothing,Retail,3,804,Low,47.9,56.9,3.3,4.6,1.3,1,123.44,308.7,145,0
ORD-100648,2025-06-07 08:28:10.727151434,East,First Class,Electronics,Corporate,13,389,Medium,72.9,72.9,3.0,5.1,2.1,1,109.46,1238.98,348,0
ORD-100649,2025-06-07 14:17:51.114076050,North,Standard Class,Home & Kitchen,Retail,12,1199,Low,58.9,96.7,5.7,7.1,1.4,1,186.72,625.85,244,0
ORD-100650,2025-06-07 20:07:31.501000666,South,Second Class,Clothing,Wholesale,8,604,Low,53.2,33.9,3.6,4.3,0.7,1,97.59,730.04,494,0
ORD-100651,2025-06-08 01:57:11.887925284,West,Standard Class,Electronics,Retail,4,703,Low,29.2,100.0,4.6,5.6,1.0,1,96.9,303.66,458,0
ORD-100652,2025-06-08 07:46:52.274849900,East,First Class,Clothing,Retail,17,1226,Low,34.4,61.3,4.9,5.5,0.6,1,172.33,1001.7,235,0
ORD-100653,2025-06-08 13:36:32.661774516,North,First Class,Electronics,Retail,17,357,Medium,32.0,70.6,3.2,3.9,0.7,1,114.41,1547.79,430,0
ORD-100654,2025-06-08 19:26:13.048699132,West,Second Class,Clothing,Retail,15,689,Low,78.5,42.4,3.8,4.4,0.6,1,125.13,547.37,29,1
ORD-100655,2025-06-09 01:15:53.435623748,South,First Class,Electronics,Retail,12,1491,High,64.6,80.9,4.9,8.3,3.4,1,193.59,779.84,580,0
ORD-100656,2025-06-09 07:05:33.822548366,West,Standard Class,Electronics,Retail,6,611,Medium,39.5,65.7,4.2,5.4,1.2,1,94.58,602.27,311,0
ORD-100657,2025-06-09 12:55:14.209472982,South,Standard Class,Clothing,Retail,9,191,Low,44.8,64.0,3.6,3.5,-0.1,0,98.67,709.79,396,0
ORD-100658,2025-06-09 18:44:54.596397598,East,Standard Class,Home & Kitchen,Retail,2,441,Low,40.1,34.0,4.0,4.4,0.4,1,70.81,110.9,390,0
ORD-100659,2025-06-10 00:34:34.983322214,South,Standard Class,Electronics,Retail,5,1435,Low,39.1,66.2,5.6,6.8,1.2,1,159.73,218.68,194,0
ORD-100660,2025-06-10 06:24:15.370246830,South,Standard Class,Electronics,Corporate,10,1144,Low,63.3,78.5,5.1,6.9,1.8,1,169.82,641.24,417,0
ORD-100661,2025-06-10 12:13:55.757171448,West,Standard Class,Home & Kitchen,Corporate,9,1218,Low,49.8,61.2,5.3,7.2,1.9,1,189.05,820.99,244,0
ORD-100662,2025-06-10 18:03:36.144096064,North,Standard Class,Home & Kitchen,Retail,2,395,Low,92.5,83.8,3.9,5.2,1.3,1,83.68,183.41,411,0
ORD-100663,2025-06-10 23:53:16.531020680,North,Standard Class,Sports,Retail,20,1262,Low,77.5,83.1,5.9,7.3,1.4,1,205.11,986.9,62,0
ORD-100664,2025-06-11 05:42:56.917945296,South,First Class,Electronics,Wholesale,6,602,Low,78.6,54.7,3.3,4.5,1.2,1,127.29,577.87,96,0
ORD-100665,2025-06-11 11:32:37.304869912,East,Standard Class,Clothing,Wholesale,11,1197,Medium,67.1,90.5,5.2,7.4,2.2,1,185.04,1464.79,554,0
ORD-100666,2025-06-11 17:22:17.691794530,West,First Class,Electronics,Retail,10,1324,Medium,47.4,65.7,4.6,6.5,1.9,1,185.33,945.34,444,0
ORD-100667,2025-06-11 23:11:58.078719146,West,Standard Class,Electronics,Wholesale,10,328,High,65.8,65.8,3.9,6.1,2.2,1,90.79,861.1,85,0
ORD-100668,2025-06-12 05:01:38.465643762,South,Standard Class,Clothing,Retail,17,1409,Low,48.7,66.6,5.8,7.0,1.2,1,211.98,1642.82,136,0
ORD-100669,2025-06-12 10:51:18.852568378,South,Second Class,Clothing,Retail,15,956,Low,84.3,66.1,4.4,5.8,1.4,1,150.55,1807.21,331,0
ORD-100670,2025-06-12 16:40:59.239492994,North,Standard Class,Clothing,Wholesale,18,1102,High,62.3,22.9,5.1,8.2,3.1,1,177.26,2280.72,13,1
ORD-100671,2025-06-12 22:30:39.626417612,East,Standard Class,Sports,Wholesale,8,1140,Medium,59.7,62.0,5.1,7.2,2.1,1,177.84,345.39,246,0
ORD-100672,2025-06-13 04:20:20.013342228,West,Second Class,Clothing,Corporate,6,269,Low,57.3,43.2,3.3,4.4,1.1,1,96.56,334.92,202,0
ORD-100673,2025-06-13 10:10:00.400266844,East,Standard Class,Clothing,Retail,9,1124,Low,86.3,91.0,5.7,7.6,1.9,1,170.45,447.7,89,0
ORD-100674,2025-06-13 15:59:40.787191460,East,Standard Class,Home & Kitchen,Retail,12,335,Low,29.2,90.4,3.9,4.5,0.6,1,76.23,1310.53,186,0
ORD-100675,2025-06-13 21:49:21.174116076,South,Second Class,Home & Kitchen,Retail,7,422,Medium,88.1,78.6,3.6,5.3,1.7,1,85.84,287.96,182,0
ORD-100676,2025-06-14 03:39:01.561040694,West,Standard Class,Clothing,Retail,10,192,Low,51.6,61.2,3.4,3.5,0.1,0,76.36,1213.26,49,0
ORD-100677,2025-06-14 09:28:41.947965310,South,First Class,Clothing,Retail,4,288,Low,29.7,48.9,2.7,2.7,0.0,0,71.78,156.45,383,0
ORD-100678,2025-06-14 15:18:22.334889926,North,Standard Class,Electronics,Retail,12,1469,Low,41.5,54.5,6.0,7.0,1.0,1,182.24,1150.97,170,0
ORD-100679,2025-06-14 21:08:02.721814542,South,Same Day,Electronics,Retail,15,505,Low,25.3,96.1,2.9,2.6,-0.3,0,118.51,932.85,28,1
ORD-100680,2025-06-15 02:57:43.108739158,North,First Class,Sports,Wholesale,11,593,Low,66.8,53.9,3.4,3.9,0.5,1,144.33,894.53,23,1
ORD-100681,2025-06-15 08:47:23.495663776,North,Same Day,Electronics,Retail,18,730,Medium,36.3,27.3,3.4,5.1,1.7,1,154.82,1407.52,579,0
ORD-100682,2025-06-15 14:37:03.882588392,North,First Class,Clothing,Retail,20,1075,Low,58.0,81.5,4.4,5.8,1.4,1,189.96,2155.15,79,0
ORD-100683,2025-06-15 20:26:44.269513008,South,Standard Class,Clothing,Wholesale,19,869,Low,75.4,89.0,4.9,6.1,1.2,1,157.0,1587.51,546,0
ORD-100684,2025-06-16 02:16:24.656437624,East,Second Class,Electronics,Retail,2,814,Low,42.9,91.5,4.3,5.4,1.1,1,95.07,174.45,108,0
ORD-100685,2025-06-16 08:06:05.043362240,South,Standard Class,Electronics,Corporate,18,1259,High,50.2,81.6,5.5,8.0,2.5,1,181.9,1916.54,59,0
ORD-100686,2025-06-16 13:55:45.430286858,South,First Class,Clothing,Retail,7,754,Low,31.5,84.2,3.6,4.4,0.8,1,101.62,883.28,331,0
ORD-100687,2025-06-16 19:45:25.817211474,West,Second Class,Home & Kitchen,Retail,10,1158,Low,48.0,65.8,4.9,6.5,1.6,1,167.09,1138.97,522,0
ORD-100688,2025-06-17 01:35:06.204136090,East,Standard Class,Sports,Corporate,9,1369,Low,100.0,31.8,5.8,7.5,1.7,1,192.27,985.96,52,0
ORD-100689,2025-06-17 07:24:46.591060706,East,Same Day,Clothing,Retail,6,1021,Medium,69.0,65.4,3.7,5.1,1.4,1,134.68,518.63,203,0
ORD-100690,2025-06-17 13:14:26.977985324,South,Standard Class,Electronics,Wholesale,18,72,Medium,50.2,74.9,3.4,4.3,0.9,1,97.52,2171.53,454,0
ORD-100691,2025-06-17 19:04:07.364909940,West,Second Class,Sports,Wholesale,13,410,Medium,44.0,62.8,3.4,5.1,1.7,1,127.86,1067.9,49,0
ORD-100692,2025-06-18 00:53:47.751834556,North,Second Class,Electronics,Retail,20,934,Low,54.2,62.1,4.6,5.7,1.1,1,198.39,2495.56,110,0
ORD-100693,2025-06-18 06:43:28.138759172,South,Standard Class,Clothing,Wholesale,20,729,High,57.3,49.6,4.6,6.7,2.1,1,167.09,2247.42,190,0
ORD-100694,2025-06-18 12:33:08.525683788,West,Second Class,Sports,Corporate,9,441,High,47.5,49.0,3.4,6.5,3.1,1,100.39,456.7,485,0
ORD-100695,2025-06-18 18:22:48.912608406,East,First Class,Clothing,Corporate,15,516,Low,64.5,94.4,3.3,3.9,0.6,1,135.96,607.44,487,0
ORD-100696,2025-06-19 00:12:29.299533022,East,Standard Class,Clothing,Retail,11,136,Low,37.8,95.0,3.6,3.9,0.3,1,97.02,1163.27,428,0
ORD-100697,2025-06-19 06:02:09.686457638,East,Second Class,Electronics,Retail,10,367,Low,37.7,65.0,3.2,3.3,0.1,0,73.63,1012.56,402,0
ORD-100698,2025-06-19 11:51:50.073382254,East,Standard Class,Electronics,Wholesale,15,1179,Low,61.7,69.5,5.2,6.2,1.0,1,200.9,1418.35,25,1
ORD-100699,2025-06-19 17:41:30.460306870,South,Second Class,Clothing,Retail,14,35,Low,34.0,49.3,2.9,2.8,-0.1,0,73.32,1789.45,150,0
ORD-100700,2025-06-19 23:31:10.847231488,North,Standard Class,Home & Kitchen,Retail,19,1259,Low,68.1,75.3,5.9,7.6,1.7,1,195.07,1687.22,553,0
ORD-100701,2025-06-20 05:20:51.234156104,South,Same Day,Electronics,Retail,16,522,High,54.7,93.2,2.7,5.8,3.1,1,124.87,1104.47,434,0
ORD-100702,2025-06-20 11:10:31.621080720,North,First Class,Clothing,Retail,13,1216,Low,22.1,40.5,4.7,5.3,0.6,1,179.95,1189.21,152,0
ORD-100703,2025-06-20 17:00:12.008005336,West,Standard Class,Sports,Retail,19,399,Low,57.0,72.4,4.0,4.4,0.4,1,113.72,728.25,427,0
ORD-100704,2025-06-20 22:49:52.394929952,South,Standard Class,Electronics,Retail,3,1247,Low,24.7,73.6,5.4,6.6,1.2,1,148.64,307.5,437,0
ORD-100705,2025-06-21 04:39:32.781854570,East,Second Class,Electronics,Retail,16,866,Low,67.5,73.4,4.4,5.8,1.4,1,166.21,1957.67,448,0
ORD-100706,2025-06-21 10:29:13.168779186,West,Second Class,Clothing,Retail,8,1280,Low,50.5,91.3,5.0,6.5,1.5,1,174.08,321.69,588,0
ORD-100707,2025-06-21 16:18:53.555703802,West,Standard Class,Sports,Corporate,9,112,Low,88.3,97.6,3.3,4.4,1.1,1,83.99,1041.09,328,0
ORD-100708,2025-06-21 22:08:33.942628418,South,Standard Class,Clothing,Retail,16,1200,Low,74.3,61.3,5.1,6.5,1.4,1,185.23,1814.93,45,0
ORD-100709,2025-06-22 03:58:14.329553034,South,Standard Class,Sports,Retail,6,420,High,35.9,75.8,4.0,6.3,2.3,1,99.53,283.08,493,0
ORD-100710,2025-06-22 09:47:54.716477652,West,Same Day,Home & Kitchen,Retail,18,551,Low,18.6,66.3,3.1,3.4,0.3,1,145.34,2094.61,18,1
ORD-100711,2025-06-22 15:37:35.103402268,East,Standard Class,Sports,Retail,10,86,High,41.4,54.9,3.4,5.8,2.4,1,86.24,1077.95,388,0
ORD-100712,2025-06-22 21:27:15.490326884,West,First Class,Home & Kitchen,Corporate,7,1432,Medium,33.0,69.3,5.2,7.9,2.7,1,184.71,614.51,479,0
ORD-100713,2025-06-23 03:16:55.877251500,West,Standard Class,Sports,Corporate,7,969,Low,87.9,75.7,5.1,6.7,1.6,1,158.08,437.14,83,0
ORD-100714,2025-06-23 09:06:36.264176116,West,Same Day,Home & Kitchen,Retail,9,1472,Low,54.8,68.5,4.6,6.1,1.5,1,201.45,605.49,480,0
ORD-100715,2025-06-23 14:56:16.651100734,North,Standard Class,Home & Kitchen,Retail,19,861,Low,71.8,50.9,4.7,5.9,1.2,1,200.22,1795.99,488,0
ORD-100716,2025-06-23 20:45:57.038025350,East,Standard Class,Sports,Retail,3,254,Medium,49.9,57.6,3.6,4.5,0.9,1,85.29,182.82,395,0
ORD-100717,2025-06-24 02:35:37.424949966,North,Same Day,Home & Kitchen,Retail,11,519,Low,51.8,57.7,2.6,3.5,0.9,1,113.97,740.57,201,0
ORD-100718,2025-06-24 08:25:17.811874582,East,Same Day,Home & Kitchen,Retail,17,671,Low,54.4,51.5,3.1,4.0,0.9,1,133.52,2118.43,129,0
ORD-100719,2025-06-24 14:14:58.198799198,West,Standard Class,Clothing,Retail,10,238,Medium,74.9,70.0,3.7,5.0,1.3,1,88.08,1050.0,425,0
ORD-100720,2025-06-24 20:04:38.585723816,East,Standard Class,Sports,Retail,12,1399,Low,60.6,71.7,6.1,7.9,1.8,1,189.61,1301.09,102,0
ORD-100721,2025-06-25 01:54:18.972648432,South,Standard Class,Clothing,Retail,7,1438,Medium,36.0,80.7,5.9,7.9,2.0,1,186.59,923.84,408,0
ORD-100722,2025-06-25 07:43:59.359573048,North,Standard Class,Home & Kitchen,Retail,3,854,Low,84.2,51.3,4.6,5.5,0.9,1,117.39,132.27,110,0
ORD-100723,2025-06-25 13:33:39.746497664,West,Standard Class,Clothing,Retail,13,885,High,49.7,55.8,4.6,7.4,2.8,1,165.6,783.49,208,0
ORD-100724,2025-06-25 19:23:20.133422280,North,First Class,Home & Kitchen,Retail,19,1061,Low,46.8,89.9,4.3,5.6,1.3,1,165.43,1884.47,308,0
ORD-100725,2025-06-26 01:13:00.520346898,North,Standard Class,Home & Kitchen,Retail,11,1025,Low,10.0,62.4,5.2,6.1,0.9,1,133.43,873.74,105,0
ORD-100726,2025-06-26 07:02:40.907271514,North,Second Class,Home & Kitchen,Retail,9,112,Medium,66.4,65.5,3.0,4.6,1.6,1,75.17,414.81,478,0
ORD-100727,2025-06-26 12:52:21.294196130,North,Standard Class,Electronics,Retail,3,806,Low,56.8,62.2,4.8,5.7,0.9,1,108.32,351.83,420,0
ORD-100728,2025-06-26 18:42:01.681120746,South,Standard Class,Sports,Retail,19,1170,High,56.8,83.1,5.3,8.3,3.0,1,177.47,785.07,19,1
ORD-100729,2025-06-27 00:31:42.068045364,East,Second Class,Sports,Retail,18,1214,Medium,47.7,83.7,5.1,7.1,2.0,1,184.87,1596.41,510,0
ORD-100730,2025-06-27 06:21:22.454969980,South,Standard Class,Home & Kitchen,Wholesale,19,902,Low,44.6,82.8,4.6,5.7,1.1,1,159.18,1707.31,432,0
ORD-100731,2025-06-27 12:11:02.841894596,North,Second Class,Home & Kitchen,Corporate,8,1347,Low,48.3,65.4,5.5,7.0,1.5,1,177.01,803.74,504,0
ORD-100732,2025-06-27 18:00:43.228819212,North,Standard Class,Clothing,Retail,13,888,High,63.3,51.0,4.6,7.5,2.9,1,145.73,871.44,364,0
ORD-100733,2025-06-27 23:50:23.615743828,South,Same Day,Clothing,Retail,9,586,Low,66.5,95.8,3.1,4.2,1.1,1,110.62,352.76,379,0
ORD-100734,2025-06-28 05:40:04.002668446,North,Second Class,Electronics,Wholesale,5,675,Medium,50.8,78.7,4.0,5.9,1.9,1,111.91,617.52,236,0
ORD-100735,2025-06-28 11:29:44.389593062,East,First Class,Home & Kitchen,Wholesale,5,1041,Low,72.1,57.7,4.3,5.4,1.1,1,157.81,647.6,144,0
ORD-100736,2025-06-28 17:19:24.776517678,North,Standard Class,Electronics,Retail,8,1332,High,53.6,87.8,5.6,9.7,4.1,1,193.9,686.27,148,0
ORD-100737,2025-06-28 23:09:05.163442294,South,Standard Class,Sports,Retail,12,360,Low,45.9,56.4,3.9,4.6,0.7,1,105.28,454.33,196,0
ORD-100738,2025-06-29 04:58:45.550366910,South,Standard Class,Home & Kitchen,Retail,3,454,Medium,58.6,87.6,4.1,5.3,1.2,1,91.43,284.17,181,0
ORD-100739,2025-06-29 10:48:25.937291528,South,Second Class,Clothing,Retail,15,985,Low,30.5,88.7,4.8,5.8,1.0,1,160.69,1004.75,455,0
ORD-100740,2025-06-29 16:38:06.324216144,North,Standard Class,Electronics,Retail,10,1150,Low,59.2,50.3,5.5,7.0,1.5,1,172.63,557.86,319,0
ORD-100741,2025-06-29 22:27:46.711140760,North,Standard Class,Electronics,Retail,18,611,High,27.2,74.3,4.4,6.6,2.2,1,143.48,937.24,252,0
ORD-100742,2025-06-30 04:17:27.098065376,West,Standard Class,Home & Kitchen,Retail,6,972,High,36.5,77.5,5.3,7.5,2.2,1,154.11,341.34,437,0
ORD-100743,2025-06-30 10:07:07.484989992,North,Standard Class,Clothing,Retail,2,30,Low,18.7,100.0,3.3,3.1,-0.2,0,25.0,133.76,442,0
ORD-100744,2025-06-30 15:56:47.871914610,South,Standard Class,Electronics,Retail,7,452,High,51.8,53.1,4.2,6.8,2.6,1,95.72,445.17,561,0
ORD-100745,2025-06-30 21:46:28.258839226,South,Standard Class,Sports,Wholesale,20,1435,Low,84.0,87.9,5.9,7.2,1.3,1,225.13,2332.26,192,0
ORD-100746,2025-07-01 03:36:08.645763842,South,Standard Class,Electronics,Retail,7,873,Low,52.9,65.3,4.7,5.2,0.5,1,134.14,600.57,153,0
ORD-100747,2025-07-01 09:25:49.032688458,South,Second Class,Home & Kitchen,Retail,15,1306,Low,66.6,45.1,5.2,6.8,1.6,1,183.23,1173.58,13,1
ORD-100748,2025-07-01 15:15:29.419613074,West,Standard Class,Clothing,Retail,17,342,Low,97.3,63.1,3.9,4.9,1.0,1,106.05,840.78,104,0
ORD-100749,2025-07-01 21:05:09.806537692,West,Standard Class,Electronics,Corporate,6,450,Low,62.3,65.0,4.0,4.5,0.5,1,106.6,722.76,366,0
ORD-100750,2025-07-02 02:54:50.193462308,North,Second Class,Electronics,Retail,13,1463,Low,41.2,48.1,5.5,6.5,1.0,1,190.32,566.6,487,0
ORD-100751,2025-07-02 08:44:30.580386924,South,First Class,Clothing,Retail,5,1497,Low,43.7,70.0,5.3,6.2,0.9,1,159.93,333.69,364,0
ORD-100752,2025-07-02 14:34:10.967311540,North,Standard Class,Clothing,Retail,8,1318,Medium,55.0,80.3,5.6,7.9,2.3,1,185.51,791.86,595,0
ORD-100753,2025-07-02 20:23:51.354236156,South,Second Class,Sports,Wholesale,6,489,Medium,43.6,68.8,3.2,4.2,1.0,1,103.5,624.99,380,0
ORD-100754,2025-07-03 02:13:31.741160774,East,Same Day,Clothing,Wholesale,14,1206,Medium,45.0,56.3,4.4,6.0,1.6,1,179.32,1591.72,530,0
ORD-100755,2025-07-03 08:03:12.128085390,North,Second Class,Clothing,Corporate,18,699,Low,72.7,62.6,4.0,5.2,1.2,1,140.76,1352.57,168,0
ORD-100756,2025-07-03 13:52:52.515010006,South,Same Day,Electronics,Wholesale,6,1269,Medium,73.5,64.9,4.1,6.2,2.1,1,166.52,445.71,201,0
ORD-100757,2025-07-03 19:42:32.901934622,West,First Class,Electronics,Retail,6,1280,Low,25.4,68.5,4.5,5.2,0.7,1,177.64,412.87,488,0
ORD-100758,2025-07-04 01:32:13.288859238,North,Standard Class,Home & Kitchen,Retail,17,664,Medium,40.3,82.8,4.3,5.1,0.8,1,122.8,1532.39,399,0
ORD-100759,2025-07-04 07:21:53.675783856,South,Standard Class,Electronics,Retail,10,471,Low,46.6,69.4,4.0,4.8,0.8,1,88.86,695.33,297,0
ORD-100760,2025-07-04 13:11:34.062708472,East,Second Class,Home & Kitchen,Wholesale,11,1463,Low,65.8,42.6,5.3,6.8,1.5,1,189.42,771.75,573,0
ORD-100761,2025-07-04 19:01:14.449633088,North,Same Day,Clothing,Retail,15,687,Low,75.6,56.0,3.0,3.9,0.9,1,142.65,569.68,459,0
ORD-100762,2025-07-05 00:50:54.836557704,North,Standard Class,Electronics,Retail,3,659,Medium,100.0,67.7,4.5,6.2,1.7,1,105.16,395.04,184,0
ORD-100763,2025-07-05 06:40:35.223482320,North,Standard Class,Electronics,Corporate,18,1005,High,46.6,83.0,5.4,8.3,2.9,1,182.33,763.77,370,0
ORD-100764,2025-07-05 12:30:15.610406938,West,Second Class,Electronics,Retail,8,1407,Medium,47.5,85.8,5.5,7.8,2.3,1,194.96,528.07,243,0
ORD-100765,2025-07-05 18:19:55.997331554,North,Standard Class,Home & Kitchen,Retail,14,213,High,65.6,93.4,3.8,6.4,2.6,1,102.12,1721.88,255,0
ORD-100766,2025-07-06 00:09:36.384256170,North,First Class,Clothing,Retail,9,1478,High,42.7,67.1,5.0,8.7,3.7,1,196.78,988.06,484,0
ORD-100767,2025-07-06 05:59:16.771180786,North,Second Class,Clothing,Corporate,16,645,Low,52.5,77.2,4.0,5.1,1.1,1,142.59,1458.12,410,0
ORD-100768,2025-07-06 11:48:57.158105404,North,Second Class,Sports,Corporate,13,57,Medium,47.5,41.7,3.0,3.8,0.8,1,80.76,1272.82,17,1
ORD-100769,2025-07-06 17:38:37.545030020,East,First Class,Sports,Retail,4,478,Low,10.0,71.9,3.2,3.7,0.5,1,72.11,191.22,349,0
ORD-100770,2025-07-06 23:28:17.931954636,North,Second Class,Home & Kitchen,Corporate,4,704,Low,57.2,47.8,4.0,4.8,0.8,1,100.17,468.41,391,0
ORD-100771,2025-07-07 05:17:58.318879252,East,Second Class,Home & Kitchen,Corporate,18,1022,Low,51.7,64.0,4.8,5.9,1.1,1,160.46,1088.34,311,0
ORD-100772,2025-07-07 11:07:38.705803868,East,First Class,Sports,Corporate,11,858,High,77.9,100.0,4.2,7.9,3.7,1,145.2,1409.98,186,0
ORD-100773,2025-07-07 16:57:19.092728486,West,First Class,Home & Kitchen,Corporate,6,221,Medium,55.1,69.9,2.8,3.7,0.9,1,79.38,348.51,392,0
ORD-100774,2025-07-07 22:46:59.479653102,North,First Class,Home & Kitchen,Retail,3,743,Low,32.4,51.2,3.5,4.1,0.6,1,92.75,305.52,569,0
ORD-100775,2025-07-08 04:36:39.866577718,West,Standard Class,Clothing,Wholesale,3,364,Low,50.4,71.5,3.8,4.8,1.0,1,80.96,271.34,60,0
ORD-100776,2025-07-08 10:26:20.253502334,East,Second Class,Sports,Retail,19,419,Low,17.4,56.7,3.3,3.6,0.3,1,113.5,935.87,365,0
ORD-100777,2025-07-08 16:16:00.640426950,North,Standard Class,Electronics,Wholesale,20,1073,Medium,33.2,49.6,5.2,6.6,1.4,1,171.36,1421.75,547,0
ORD-100778,2025-07-08 22:05:41.027351568,West,First Class,Sports,Retail,8,1209,High,66.4,98.7,4.6,7.4,2.8,1,159.83,910.05,246,0
ORD-100779,2025-07-09 03:55:21.414276184,West,Second Class,Home & Kitchen,Wholesale,5,251,Low,50.5,82.1,3.2,3.0,-0.2,0,62.45,283.51,207,0
ORD-100780,2025-07-09 09:45:01.801200800,North,Standard Class,Electronics,Corporate,9,912,Low,71.6,70.5,4.9,6.9,2.0,1,152.69,1165.6,156,0
ORD-100781,2025-07-09 15:34:42.188125416,West,Standard Class,Home & Kitchen,Retail,3,645,Low,19.6,58.7,4.4,4.9,0.5,1,98.26,208.56,142,0
ORD-100782,2025-07-09 21:24:22.575050032,South,Standard Class,Home & Kitchen,Corporate,11,518,Low,50.6,60.0,4.2,4.7,0.5,1,124.58,1055.46,240,0
ORD-100783,2025-07-10 03:14:02.961974650,East,Second Class,Electronics,Retail,13,1075,Low,46.4,89.7,4.5,5.8,1.3,1,161.72,1251.55,465,0
ORD-100784,2025-07-10 09:03:43.348899266,West,Standard Class,Clothing,Retail,20,388,Low,72.2,69.9,3.9,4.4,0.5,1,125.78,1606.12,117,0
ORD-100785,2025-07-10 14:53:23.735823882,South,Standard Class,Home & Kitchen,Retail,7,1153,Low,67.1,20.0,5.4,6.4,1.0,1,182.44,715.4,146,0
ORD-100786,2025-07-10 20:43:04.122748498,West,First Class,Home & Kitchen,Wholesale,4,613,Low,66.6,100.0,3.8,4.6,0.8,1,86.42,440.95,599,0
ORD-100787,2025-07-11 02:32:44.509673114,South,First Class,Electronics,Retail,3,160,High,82.7,67.9,2.6,4.7,2.1,1,82.04,286.22,597,0
ORD-100788,2025-07-11 08:22:24.896597732,West,Standard Class,Clothing,Retail,8,1193,Low,48.4,70.5,5.5,6.0,0.5,1,183.67,741.39,143,0
ORD-100789,2025-07-11 14:12:05.283522348,East,Standard Class,Sports,Wholesale,13,1281,Low,79.0,82.4,5.7,6.8,1.1,1,197.65,1242.61,258,0
ORD-100790,2025-07-11 20:01:45.670446964,North,Same Day,Electronics,Retail,2,853,Medium,36.2,72.4,3.4,5.3,1.9,1,113.28,171.96,248,0
ORD-100791,2025-07-12 01:51:26.057371580,South,Second Class,Clothing,Retail,16,1092,High,35.5,77.0,5.0,7.5,2.5,1,192.4,700.49,185,0
ORD-100792,2025-07-12 07:41:06.444296196,South,Second Class,Electronics,Corporate,10,238,Low,68.5,58.2,3.4,4.2,0.8,1,86.59,508.85,100,0
ORD-100793,2025-07-12 13:30:46.831220814,North,Standard Class,Electronics,Wholesale,16,522,Low,27.9,45.3,4.4,5.0,0.6,1,117.45,1497.85,46,0
ORD-100794,2025-07-12 19:20:27.218145430,North,Standard Class,Clothing,Wholesale,10,538,Medium,65.3,69.5,4.3,5.9,1.6,1,110.91,1246.96,372,0
ORD-100795,2025-07-13 01:10:07.605070046,South,Standard Class,Sports,Retail,4,1151,Low,56.8,87.9,5.7,7.0,1.3,1,143.61,184.31,34,1
ORD-100796,2025-07-13 06:59:47.991994662,North,Second Class,Sports,Corporate,1,541,Medium,74.3,54.6,3.7,5.4,1.7,1,81.24,102.91,376,0
ORD-100797,2025-07-13 12:49:28.378919278,North,Standard Class,Home & Kitchen,Retail,12,1098,Low,53.9,53.4,5.6,6.6,1.0,1,180.52,740.29,66,0
ORD-100798,2025-07-13 18:39:08.765843896,East,Standard Class,Clothing,Retail,11,474,Low,56.0,84.5,4.2,5.4,1.2,1,102.43,986.24,101,0
ORD-100799,2025-07-14 00:28:49.152768512,East,Second Class,Electronics,Retail,17,909,Low,64.2,57.7,4.7,6.5,1.8,1,165.51,1832.97,12,1
ORD-100800,2025-07-14 06:18:29.539693128,East,Same Day,Electronics,Retail,18,330,Medium,43.1,58.4,2.4,4.0,1.6,1,99.5,1897.52,244,0
ORD-100801,2025-07-14 12:08:09.926617744,South,First Class,Electronics,Wholesale,4,847,Low,42.3,59.0,4.1,4.2,0.1,0,123.24,440.87,202,0
ORD-100802,2025-07-14 17:57:50.313542360,West,Standard Class,Clothing,Wholesale,7,139,Low,63.5,64.0,3.7,4.1,0.4,1,59.46,767.15,206,0
ORD-100803,2025-07-14 23:47:30.700466978,East,Standard Class,Electronics,Retail,5,1108,Low,54.5,39.8,5.0,6.0,1.0,1,135.05,242.73,193,0
ORD-100804,2025-07-15 05:37:11.087391594,North,Standard Class,Electronics,Retail,3,63,Medium,47.7,56.4,3.3,4.4,1.1,1,52.87,252.12,563,0
ORD-100805,2025-07-15 11:26:51.474316210,North,Standard Class,Electronics,Wholesale,1,1499,Low,53.5,68.7,5.5,6.4,0.9,1,184.22,104.84,263,0
ORD-100806,2025-07-15 17:16:31.861240826,East,Second Class,Sports,Corporate,2,1262,Medium,83.7,68.6,5.1,6.9,1.8,1,163.0,282.9,487,0
ORD-100807,2025-07-15 23:06:12.248165442,North,Standard Class,Sports,Retail,11,876,Medium,47.0,83.5,4.6,6.8,2.2,1,150.91,1229.39,147,0
ORD-100808,2025-07-16 04:55:52.635090060,South,Second Class,Home & Kitchen,Retail,4,1367,Low,46.5,94.4,5.2,6.5,1.3,1,166.02,221.88,295,0
ORD-100809,2025-07-16 10:45:33.022014676,West,First Class,Home & Kitchen,Retail,4,1217,High,24.3,89.2,5.1,7.4,2.3,1,148.13,268.94,47,0
ORD-100810,2025-07-16 16:35:13.408939292,North,Same Day,Clothing,Retail,3,231,Medium,54.2,79.6,2.6,3.5,0.9,1,78.73,241.67,162,0
ORD-100811,2025-07-16 22:24:53.795863908,North,Standard Class,Electronics,Retail,15,1122,Low,66.8,62.6,5.0,6.5,1.5,1,172.13,1930.8,51,0
ORD-100812,2025-07-17 04:14:34.182788526,West,Standard Class,Clothing,Retail,13,578,Low,70.1,55.0,4.4,5.0,0.6,1,137.66,607.79,22,1
ORD-100813,2025-07-17 10:04:14.569713142,East,Standard Class,Electronics,Wholesale,20,1287,Low,56.9,65.3,5.7,7.1,1.4,1,220.05,1817.76,117,0
ORD-100814,2025-07-17 15:53:54.956637758,North,Standard Class,Clothing,Retail,3,1299,Low,72.2,74.4,5.5,6.7,1.2,1,152.08,241.24,103,0
ORD-100815,2025-07-17 21:43:35.343562374,West,Standard Class,Clothing,Retail,5,1433,Low,68.2,78.2,5.8,6.9,1.1,1,170.16,525.0,196,0
ORD-100816,2025-07-18 03:33:15.730486990,West,Standard Class,Clothing,Retail,10,687,High,75.0,75.0,4.5,8.0,3.5,1,122.85,986.88,448,0
ORD-100817,2025-07-18 09:22:56.117411608,East,First Class,Electronics,Corporate,13,305,Medium,72.7,63.1,2.7,4.3,1.6,1,87.15,761.28,97,0
ORD-100818,2025-07-18 15:12:36.504336224,East,Standard Class,Sports,Retail,3,205,Low,83.3,77.6,3.4,4.2,0.8,1,64.89,335.11,370,0
ORD-100819,2025-07-18 21:02:16.891260840,South,Same Day,Home & Kitchen,Retail,5,265,Low,51.9,85.2,2.4,2.8,0.4,1,92.87,226.3,225,0
ORD-100820,2025-07-19 02:51:57.278185456,North,Standard Class,Home & Kitchen,Retail,9,1488,Low,31.1,79.1,5.9,7.7,1.8,1,176.97,1059.15,247,0
ORD-100821,2025-07-19 08:41:37.665110072,East,Standard Class,Sports,Wholesale,1,888,Low,66.9,64.5,4.7,6.1,1.4,1,137.11,81.78,554,0
ORD-100822,2025-07-19 14:31:18.052034690,South,Standard Class,Clothing,Corporate,8,541,Low,69.0,51.7,4.0,5.2,1.2,1,105.66,744.31,284,0
ORD-100823,2025-07-19 20:20:58.438959306,East,Standard Class,Electronics,Retail,16,685,High,83.3,51.3,4.4,7.1,2.7,1,171.79,1108.46,164,0
ORD-100824,2025-07-20 02:10:38.825883922,West,Standard Class,Sports,Retail,11,276,Medium,78.1,54.1,3.9,5.4,1.5,1,89.35,1030.5,150,0
ORD-100825,2025-07-20 08:00:19.212808538,North,Same Day,Clothing,Retail,9,865,Low,90.0,69.1,3.5,5.1,1.6,1,141.9,569.59,109,0
ORD-100826,2025-07-20 13:49:59.599733154,East,Standard Class,Electronics,Wholesale,10,650,Medium,66.2,73.3,4.7,6.2,1.5,1,114.27,910.02,483,0
ORD-100827,2025-07-20 19:39:39.986657772,North,Standard Class,Clothing,Corporate,19,1201,Low,59.1,42.4,5.3,6.4,1.1,1,187.22,715.83,402,0
ORD-100828,2025-07-21 01:29:20.373582388,West,Second Class,Home & Kitchen,Retail,11,51,Medium,30.1,56.9,2.9,3.4,0.5,1,88.71,777.83,167,0
ORD-100829,2025-07-21 07:19:00.760507004,North,Standard Class,Sports,Retail,11,1399,Low,60.5,68.9,5.7,7.3,1.6,1,196.57,1290.55,299,0
ORD-100830,2025-07-21 13:08:41.147431620,East,Second Class,Clothing,Wholesale,19,109,Low,45.1,50.6,3.1,2.9,-0.2,0,113.32,1504.0,308,0
ORD-100831,2025-07-21 18:58:21.534356236,East,Standard Class,Sports,Wholesale,4,638,Low,58.8,71.9,4.2,5.3,1.1,1,91.3,348.86,37,0
ORD-100832,2025-07-22 00:48:01.921280854,South,First Class,Clothing,Retail,2,524,Low,56.0,60.1,3.7,4.5,0.8,1,99.52,203.82,546,0
ORD-100833,2025-07-22 06:37:42.308205470,East,Standard Class,Clothing,Retail,9,1083,Low,63.5,53.4,4.9,6.0,1.1,1,147.32,718.74,474,0
ORD-100834,2025-07-22 12:27:22.695130086,East,Standard Class,Clothing,Retail,7,994,Low,53.2,65.9,5.3,6.5,1.2,1,128.73,851.43,325,0
ORD-100835,2025-07-22 18:17:03.082054702,East,Second Class,Clothing,Wholesale,5,311,Medium,71.8,71.3,3.4,4.8,1.4,1,86.42,375.91,432,0
ORD-100836,2025-07-23 00:06:43.468979318,East,First Class,Sports,Wholesale,3,746,Medium,10.0,51.4,3.9,4.7,0.8,1,110.45,396.01,74,0
ORD-100837,2025-07-23 05:56:23.855903936,West,Standard Class,Electronics,Wholesale,18,811,Low,58.4,61.1,4.9,6.1,1.2,1,160.18,2153.89,586,0
ORD-100838,2025-07-23 11:46:04.242828552,South,Second Class,Home & Kitchen,Corporate,13,707,Low,76.6,72.5,4.2,5.6,1.4,1,148.0,996.25,387,0
ORD-100839,2025-07-23 17:35:44.629753168,East,Standard Class,Clothing,Retail,14,52,Medium,88.7,52.8,3.2,4.4,1.2,1,98.35,978.08,563,0
ORD-100840,2025-07-23 23:25:25.016677784,North,Standard Class,Sports,Retail,3,283,Low,68.2,38.5,3.8,4.2,0.4,1,92.98,306.33,519,0
ORD-100841,2025-07-24 05:15:05.403602400,West,Standard Class,Sports,Retail,7,766,Low,85.3,40.4,4.9,6.0,1.1,1,114.96,770.26,354,0
ORD-100842,2025-07-24 11:04:45.790527018,East,Second Class,Sports,Corporate,13,405,Medium,58.0,58.3,3.4,4.6,1.2,1,129.51,696.69,180,0
ORD-100843,2025-07-24 16:54:26.177451634,South,Standard Class,Sports,Retail,11,827,Low,55.1,43.9,5.1,6.5,1.4,1,164.19,661.7,414,0
ORD-100844,2025-07-24 22:44:06.564376250,North,Second Class,Home & Kitchen,Retail,14,262,Medium,64.5,59.4,3.3,4.7,1.4,1,98.42,692.38,312,0
ORD-100845,2025-07-25 04:33:46.951300866,West,Standard Class,Clothing,Retail,14,1109,Low,54.9,91.6,5.1,6.4,1.3,1,153.63,1534.99,251,0
ORD-100846,2025-07-25 10:23:27.338225482,South,First Class,Sports,Wholesale,9,299,Low,40.9,42.9,2.8,2.8,0.0,0,73.02,934.78,429,0
ORD-100847,2025-07-25 16:13:07.725150100,East,First Class,Sports,Wholesale,16,981,Low,45.7,60.5,4.1,5.3,1.2,1,161.53,876.79,534,0
ORD-100848,2025-07-25 22:02:48.112074716,North,Standard Class,Electronics,Wholesale,6,1259,Low,35.0,99.1,5.1,6.1,1.0,1,186.58,553.79,111,0
ORD-100849,2025-07-26 03:52:28.498999332,West,Standard Class,Clothing,Retail,2,550,Low,64.5,71.5,4.1,4.8,0.7,1,95.09,231.71,336,0
ORD-100850,2025-07-26 09:42:08.885923948,North,Standard Class,Clothing,Corporate,19,226,High,55.2,59.1,3.6,6.2,2.6,1,104.73,2381.17,469,0
ORD-100851,2025-07-26 15:31:49.272848566,North,First Class,Electronics,Wholesale,1,28,Medium,48.5,62.5,2.3,3.4,1.1,1,37.68,52.8,202,0
ORD-100852,2025-07-26 21:21:29.659773182,West,Standard Class,Clothing,Wholesale,6,553,Medium,44.8,71.9,4.3,4.8,0.5,1,87.71,400.06,211,0
ORD-100853,2025-07-27 03:11:10.046697798,West,Second Class,Clothing,Wholesale,3,191,Low,64.1,92.1,3.1,3.8,0.7,1,77.52,210.01,15,1
ORD-100854,2025-07-27 09:00:50.433622414,North,Standard Class,Sports,Corporate,5,1326,Low,69.0,56.5,5.5,7.0,1.5,1,168.39,511.64,200,0
ORD-100855,2025-07-27 14:50:30.820547030,South,First Class,Electronics,Corporate,8,1461,Medium,34.7,52.9,5.0,6.7,1.7,1,210.15,427.51,356,0
ORD-100856,2025-07-27 20:40:11.207471648,East,Standard Class,Home & Kitchen,Retail,3,1472,Medium,31.8,42.9,5.9,7.7,1.8,1,179.57,204.29,583,0
ORD-100857,2025-07-28 02:29:51.594396264,West,Second Class,Clothing,Retail,10,1385,Low,72.2,66.6,5.3,6.3,1.0,1,198.35,1132.96,320,0
ORD-100858,2025-07-28 08:19:31.981320880,South,Same Day,Sports,Retail,19,888,Medium,30.2,42.5,3.4,3.7,0.3,1,162.5,1670.05,181,0
ORD-100859,2025-07-28 14:09:12.368245496,East,Standard Class,Electronics,Wholesale,3,501,Low,64.9,57.6,4.1,4.6,0.5,1,80.38,165.74,489,0
ORD-100860,2025-07-28 19:58:52.755170112,East,First Class,Clothing,Wholesale,19,681,Low,84.1,50.5,3.6,4.8,1.2,1,143.79,1386.55,120,0
ORD-100861,2025-07-29 01:48:33.142094728,East,Standard Class,Electronics,Retail,9,403,High,84.1,82.2,3.7,5.5,1.8,1,87.22,442.08,120,0
ORD-100862,2025-07-29 07:38:13.529019344,West,Standard Class,Sports,Retail,12,1264,Low,68.3,56.9,5.4,6.5,1.1,1,193.96,871.39,317,0
ORD-100863,2025-07-29 13:27:53.915943960,East,First Class,Clothing,Corporate,9,666,Low,67.8,71.4,3.7,4.1,0.4,1,119.43,677.15,491,0
ORD-100864,2025-07-29 19:17:34.302868580,North,Second Class,Home & Kitchen,Corporate,7,590,Low,95.5,39.3,4.0,5.0,1.0,1,126.94,337.25,135,0
ORD-100865,2025-07-30 01:07:14.689793196,West,Second Class,Clothing,Corporate,3,1041,High,13.0,67.1,4.7,7.8,3.1,1,134.78,153.28,19,1
ORD-100866,2025-07-30 06:56:55.076717812,West,Standard Class,Clothing,Retail,12,573,Low,46.6,45.7,4.4,4.9,0.5,1,118.18,1442.22,436,0
ORD-100867,2025-07-30 12:46:35.463642428,West,Standard Class,Electronics,Wholesale,19,548,Medium,70.3,58.2,4.0,5.6,1.6,1,127.28,2283.64,356,0
ORD-100868,2025-07-30 18:36:15.850567044,North,Standard Class,Sports,Corporate,11,356,Low,48.9,100.0,3.7,4.7,1.0,1,104.45,398.37,414,0
ORD-100869,2025-07-31 00:25:56.237491660,North,Second Class,Clothing,Retail,12,119,Low,77.3,79.9,3.0,3.8,0.8,1,84.17,1154.54,244,0
ORD-100870,2025-07-31 06:15:36.624416276,East,Standard Class,Clothing,Retail,13,76,Low,54.3,62.9,3.6,3.9,0.3,1,93.9,572.97,79,0
ORD-100871,2025-07-31 12:05:17.011340892,North,Standard Class,Electronics,Corporate,8,616,Low,57.4,100.0,4.3,5.7,1.4,1,107.26,914.19,205,0
ORD-100872,2025-07-31 17:54:57.398265508,West,Standard Class,Electronics,Retail,3,1494,Low,50.1,50.4,5.9,7.4,1.5,1,183.5,400.5,287,0
ORD-100873,2025-07-31 23:44:37.785190128,South,Standard Class,Electronics,Retail,11,405,Low,45.6,83.6,4.2,4.9,0.7,1,124.29,1041.51,265,0
ORD-100874,2025-08-01 05:34:18.172114744,East,Standard Class,Home & Kitchen,Wholesale,18,969,Low,45.2,40.5,4.9,5.7,0.8,1,174.66,1707.57,534,0
ORD-100875,2025-08-01 11:23:58.559039360,West,Standard Class,Clothing,Wholesale,7,501,Low,59.9,61.1,4.5,5.1,0.6,1,113.1,507.07,141,0
ORD-100876,2025-08-01 17:13:38.945963976,South,First Class,Electronics,Retail,18,468,Medium,41.1,43.4,3.2,4.6,1.4,1,135.17,1070.63,193,0
ORD-100877,2025-08-01 23:03:19.332888592,South,Second Class,Home & Kitchen,Wholesale,18,261,Medium,72.2,69.1,3.1,4.4,1.3,1,137.23,1491.58,118,0
ORD-100878,2025-08-02 04:52:59.719813208,East,Standard Class,Electronics,Retail,5,854,Low,66.8,65.9,4.7,6.3,1.6,1,133.56,264.14,346,0
ORD-100879,2025-08-02 10:42:40.106737824,East,Second Class,Clothing,Corporate,12,995,Low,74.8,60.1,4.6,5.5,0.9,1,169.35,1216.19,485,0
ORD-100880,2025-08-02 16:32:20.493662440,South,First Class,Sports,Retail,15,538,Low,34.7,82.5,3.2,4.3,1.1,1,124.96,1211.01,531,0
ORD-100881,2025-08-02 22:22:00.880587056,East,Standard Class,Home & Kitchen,Wholesale,10,799,Low,24.4,55.9,5.1,5.8,0.7,1,123.55,542.69,144,0
ORD-100882,2025-08-03 04:11:41.267511672,West,Standard Class,Sports,Wholesale,14,725,Low,54.9,70.2,4.6,5.2,0.6,1,126.51,1294.21,263,0
ORD-100883,2025-08-03 10:01:21.654436292,South,Standard Class,Clothing,Retail,19,421,Low,100.0,78.1,4.0,5.4,1.4,1,149.29,2113.2,444,0
ORD-100884,2025-08-03 15:51:02.041360908,North,Standard Class,Home & Kitchen,Retail,13,1044,Low,77.8,41.3,5.0,6.0,1.0,1,156.08,1213.49,37,0
ORD-100885,2025-08-03 21:40:42.428285524,South,First Class,Electronics,Wholesale,17,840,Low,45.0,53.0,3.8,4.6,0.8,1,166.65,1475.6,429,0
ORD-100886,2025-08-04 03:30:22.815210140,South,Same Day,Home & Kitchen,Retail,17,117,High,62.6,65.9,2.3,4.5,2.2,1,103.35,1967.57,89,0
ORD-100887,2025-08-04 09:20:03.202134756,North,Standard Class,Home & Kitchen,Retail,17,749,Low,68.1,75.1,4.3,5.4,1.1,1,163.75,634.84,29,1
ORD-100888,2025-08-04 15:09:43.589059372,North,Second Class,Home & Kitchen,Retail,18,596,Low,30.4,87.7,3.7,4.7,1.0,1,131.73,1702.52,76,0
ORD-100889,2025-08-04 20:59:23.975983988,East,Standard Class,Electronics,Corporate,5,1198,Low,79.7,61.5,5.3,7.0,1.7,1,150.41,405.54,529,0
ORD-100890,2025-08-05 02:49:04.362908604,South,Second Class,Electronics,Retail,1,474,Medium,52.0,59.9,3.9,4.8,0.9,1,88.77,67.61,411,0
ORD-100891,2025-08-05 08:38:44.749833220,West,First Class,Sports,Retail,4,1435,Low,53.4,51.0,4.9,5.9,1.0,1,170.67,555.29,475,0
ORD-100892,2025-08-05 14:28:25.136757836,North,Standard Class,Clothing,Corporate,5,930,Low,55.4,70.3,5.0,6.2,1.2,1,119.43,394.71,417,0
ORD-100893,2025-08-05 20:18:05.523682456,North,Standard Class,Clothing,Retail,14,213,Medium,75.6,60.2,3.6,5.1,1.5,1,123.24,942.29,479,0
ORD-100894,2025-08-06 02:07:45.910607072,East,Second Class,Home & Kitchen,Retail,11,617,Low,41.4,60.6,4.2,4.6,0.4,1,112.62,580.12,302,0
ORD-100895,2025-08-06 07:57:26.297531688,West,Same Day,Sports,Retail,10,1329,Low,24.3,63.5,4.0,5.5,1.5,1,165.96,1337.75,487,0
ORD-100896,2025-08-06 13:47:06.684456304,South,Standard Class,Clothing,Retail,1,397,Low,60.8,73.8,4.1,5.1,1.0,1,75.84,128.23,43,0
ORD-100897,2025-08-06 19:36:47.071380920,North,Standard Class,Clothing,Retail,14,1063,Medium,18.2,56.0,5.1,6.3,1.2,1,180.37,614.95,353,0
ORD-100898,2025-08-07 01:26:27.458305536,North,Standard Class,Electronics,Wholesale,8,1180,High,49.6,52.6,5.5,8.2,2.7,1,136.85,745.37,455,0
ORD-100899,2025-08-07 07:16:07.845230152,East,Second Class,Electronics,Retail,16,1045,Medium,76.4,71.9,4.6,6.7,2.1,1,190.23,815.4,596,0
ORD-100900,2025-08-07 13:05:48.232154768,South,Second Class,Electronics,Wholesale,3,153,Low,65.4,20.0,3.1,3.3,0.2,0,53.02,313.59,221,0
ORD-100901,2025-08-07 18:55:28.619079384,North,First Class,Home & Kitchen,Retail,6,574,Low,73.8,55.3,3.4,4.8,1.4,1,112.02,503.15,115,0
ORD-100902,2025-08-08 00:45:09.006004000,North,First Class,Sports,Retail,2,535,Low,66.2,46.6,3.2,4.3,1.1,1,85.71,107.02,434,0
ORD-100903,2025-08-08 06:34:49.392928620,South,First Class,Clothing,Retail,6,529,Medium,98.4,84.3,3.1,5.2,2.1,1,131.88,543.38,52,0
ORD-100904,2025-08-08 12:24:29.779853236,West,First Class,Clothing,Retail,19,1321,High,44.4,57.9,4.7,7.9,3.2,1,205.41,2348.4,468,0
ORD-100905,2025-08-08 18:14:10.166777852,East,Standard Class,Sports,Wholesale,10,28,Medium,62.2,56.0,3.3,4.7,1.4,1,63.35,674.97,425,0
ORD-100906,2025-08-09 00:03:50.553702468,South,Second Class,Home & Kitchen,Retail,9,818,Low,47.1,64.2,4.2,5.1,0.9,1,130.87,382.98,417,0
ORD-100907,2025-08-09 05:53:30.940627084,North,Standard Class,Home & Kitchen,Retail,6,1474,Medium,72.2,55.5,5.8,8.3,2.5,1,186.23,792.99,183,0
ORD-100908,2025-08-09 11:43:11.327551700,North,Standard Class,Clothing,Retail,6,1316,Medium,53.9,58.6,5.3,7.5,2.2,1,171.66,330.31,80,0
ORD-100909,2025-08-09 17:32:51.714476316,South,Same Day,Home & Kitchen,Wholesale,14,918,Medium,85.9,66.6,3.5,5.8,2.3,1,166.4,1149.36,368,0
ORD-100910,2025-08-09 23:22:32.101400932,West,Second Class,Clothing,Retail,20,1497,Medium,45.4,58.2,5.7,7.5,1.8,1,221.68,1779.8,224,0
ORD-100911,2025-08-10 05:12:12.488325548,West,Same Day,Clothing,Wholesale,15,615,Low,80.3,58.1,3.1,3.9,0.8,1,120.89,881.3,241,0
ORD-100912,2025-08-10 11:01:52.875250168,West,Standard Class,Home & Kitchen,Retail,15,925,Low,65.7,48.8,4.9,5.9,1.0,1,157.93,805.57,120,0
ORD-100913,2025-08-10 16:51:33.262174784,West,Second Class,Clothing,Retail,10,825,Low,54.4,46.5,4.3,4.9,0.6,1,145.93,482.23,206,0
ORD-100914,2025-08-10 22:41:13.649099400,West,Standard Class,Clothing,Wholesale,2,90,Low,64.8,66.0,3.2,3.2,0.0,0,47.79,85.99,500,0
ORD-100915,2025-08-11 04:30:54.036024016,West,Standard Class,Clothing,Retail,15,80,Medium,59.7,69.9,3.6,5.0,1.4,1,97.54,1251.48,537,0
ORD-100916,2025-08-11 10:20:34.422948632,North,Standard Class,Clothing,Retail,17,1348,High,61.4,42.1,6.0,9.2,3.2,1,203.23,1995.3,215,0
ORD-100917,2025-08-11 16:10:14.809873248,North,Second Class,Clothing,Corporate,11,277,Medium,51.3,77.2,3.3,4.1,0.8,1,91.79,525.77,93,0
ORD-100918,2025-08-11 21:59:55.196797864,South,Standard Class,Sports,Retail,2,545,Low,42.4,77.2,4.7,5.3,0.6,1,106.14,219.47,29,1
ORD-100919,2025-08-12 03:49:35.583722480,East,Same Day,Clothing,Retail,15,943,Low,49.0,80.6,3.5,4.5,1.0,1,140.68,1141.27,121,0
ORD-100920,2025-08-12 09:39:15.970647096,North,Standard Class,Electronics,Retail,19,872,Low,24.7,69.8,4.6,5.3,0.7,1,155.28,754.74,15,1
ORD-100921,2025-08-12 15:28:56.357571712,West,Standard Class,Home & Kitchen,Retail,5,781,Medium,70.2,75.2,4.5,6.0,1.5,1,138.1,453.02,404,0
ORD-100922,2025-08-12 21:18:36.744496332,East,First Class,Clothing,Wholesale,4,1470,Medium,32.8,100.0,5.0,6.6,1.6,1,196.65,279.86,389,0
ORD-100923,2025-08-13 03:08:17.131420948,East,Standard Class,Home & Kitchen,Retail,15,1185,High,51.1,60.2,5.8,9.0,3.2,1,209.79,1423.04,471,0
ORD-100924,2025-08-13 08:57:57.518345564,North,Same Day,Electronics,Corporate,7,1414,Low,66.7,48.3,4.4,5.3,0.9,1,182.7,519.72,206,0
ORD-100925,2025-08-13 14:47:37.905270180,North,Second Class,Clothing,Wholesale,15,995,Low,70.1,40.5,4.5,5.6,1.1,1,173.98,1504.54,501,0
ORD-100926,2025-08-13 20:37:18.292194796,North,Standard Class,Clothing,Corporate,15,1470,Medium,23.1,93.1,5.7,7.5,1.8,1,213.03,1877.97,110,0
ORD-100927,2025-08-14 02:26:58.679119412,West,Second Class,Home & Kitchen,Wholesale,6,910,Low,53.3,93.3,4.7,5.8,1.1,1,150.25,376.69,146,0
ORD-100928,2025-08-14 08:16:39.066044028,East,Second Class,Electronics,Corporate,1,822,High,63.3,50.2,4.5,7.4,2.9,1,118.92,148.94,550,0
ORD-100929,2025-08-14 14:06:19.452968644,East,First Class,Home & Kitchen,Wholesale,12,1227,Low,55.9,53.4,4.5,6.3,1.8,1,189.52,689.72,530,0
ORD-100930,2025-08-14 19:55:59.839893260,South,First Class,Clothing,Retail,9,1306,Low,79.2,59.8,4.4,5.4,1.0,1,185.33,414.62,363,0
ORD-100931,2025-08-15 01:45:40.226817876,South,Second Class,Sports,Retail,18,121,Low,40.2,84.6,2.8,3.5,0.7,1,104.98,963.15,369,0
ORD-100932,2025-08-15 07:35:20.613742496,South,Second Class,Clothing,Wholesale,8,1368,Medium,18.1,44.4,5.6,6.3,0.7,1,164.03,940.38,423,0
ORD-100933,2025-08-15 13:25:01.000667112,West,Standard Class,Electronics,Retail,5,1043,Low,69.6,33.5,5.2,6.8,1.6,1,141.56,528.13,495,0
ORD-100934,2025-08-15 19:14:41.387591728,West,Second Class,Clothing,Wholesale,18,1349,Medium,45.3,99.7,5.3,6.7,1.4,1,197.43,2330.6,146,0
ORD-100935,2025-08-16 01:04:21.774516344,North,Same Day,Electronics,Retail,15,1079,Medium,23.3,70.0,4.2,6.6,2.4,1,155.74,1568.87,50,0
ORD-100936,2025-08-16 06:54:02.161440960,West,Second Class,Clothing,Corporate,13,1392,Low,52.1,72.3,5.7,7.0,1.3,1,174.85,1006.36,119,0
ORD-100937,2025-08-16 12:43:42.548365576,North,Second Class,Sports,Retail,20,427,Medium,77.2,61.7,3.6,5.7,2.1,1,129.48,2408.43,220,0
ORD-100938,2025-08-16 18:33:22.935290192,West,Standard Class,Clothing,Corporate,16,297,High,32.3,72.5,3.7,6.2,2.5,1,104.15,2025.27,149,0
ORD-100939,2025-08-17 00:23:03.322214808,North,First Class,Electronics,Retail,18,309,Low,97.0,40.8,2.9,3.7,0.8,1,122.77,1993.0,319,0
ORD-100940,2025-08-17 06:12:43.709139424,North,Same Day,Electronics,Retail,16,393,Medium,39.9,51.5,2.6,3.6,1.0,1,123.06,1417.88,91,0
ORD-100941,2025-08-17 12:02:24.096064040,West,Standard Class,Electronics,Wholesale,9,336,Low,56.6,66.7,3.5,3.8,0.3,1,96.91,1031.11,350,0
ORD-100942,2025-08-17 17:52:04.482988660,North,Standard Class,Electronics,Wholesale,2,674,Low,33.1,28.7,4.2,4.9,0.7,1,98.58,124.24,429,0
ORD-100943,2025-08-17 23:41:44.869913276,South,Second Class,Sports,Wholesale,13,313,Low,55.7,60.2,3.1,3.5,0.4,1,92.41,1576.32,68,0
ORD-100944,2025-08-18 05:31:25.256837892,South,Standard Class,Electronics,Corporate,16,254,Medium,52.6,59.2,3.9,4.8,0.9,1,116.63,2086.95,179,0
ORD-100945,2025-08-18 11:21:05.643762508,North,Second Class,Home & Kitchen,Retail,20,795,Low,28.2,60.2,4.0,4.8,0.8,1,158.74,1987.62,327,0
ORD-100946,2025-08-18 17:10:46.030687124,East,Standard Class,Electronics,Corporate,14,1194,Low,100.0,56.2,5.7,7.1,1.4,1,181.08,786.35,49,0
ORD-100947,2025-08-18 23:00:26.417611740,West,Standard Class,Electronics,Retail,12,220,Medium,46.1,49.1,3.5,4.4,0.9,1,89.39,591.26,402,0
ORD-100948,2025-08-19 04:50:06.804536356,West,Second Class,Home & Kitchen,Retail,12,777,Low,46.1,35.8,4.5,5.2,0.7,1,130.18,1537.04,454,0
ORD-100949,2025-08-19 10:39:47.191460972,South,Second Class,Clothing,Retail,3,996,Medium,72.4,67.3,4.5,6.3,1.8,1,130.08,383.22,223,0
ORD-100950,2025-08-19 16:29:27.578385588,East,Second Class,Clothing,Retail,1,1064,High,87.7,60.2,4.5,7.6,3.1,1,131.91,138.04,15,1
ORD-100951,2025-08-19 22:19:07.965310208,North,Second Class,Home & Kitchen,Retail,1,175,Low,75.3,43.0,3.3,4.4,1.1,1,58.16,130.42,305,0
ORD-100952,2025-08-20 04:08:48.352234824,North,Second Class,Home & Kitchen,Wholesale,19,1106,Low,33.4,66.0,5.1,6.0,0.9,1,192.19,1606.82,522,0
ORD-100953,2025-08-20 09:58:28.739159440,North,First Class,Sports,Retail,16,59,High,58.9,60.3,2.3,4.4,2.1,1,95.17,1911.14,182,0
ORD-100954,2025-08-20 15:48:09.126084056,West,Second Class,Electronics,Corporate,6,370,Low,21.1,57.6,3.4,3.5,0.1,0,103.74,313.91,511,0
ORD-100955,2025-08-20 21:37:49.513008672,West,Second Class,Sports,Retail,9,492,Low,71.2,30.5,3.5,4.4,0.9,1,124.2,486.06,523,0
ORD-100956,2025-08-21 03:27:29.899933288,West,Second Class,Home & Kitchen,Retail,10,1283,High,25.6,75.9,5.1,7.6,2.5,1,197.6,875.22,175,0
ORD-100957,2025-08-21 09:17:10.286857904,East,Standard Class,Home & Kitchen,Wholesale,5,304,Medium,40.5,45.3,3.8,4.9,1.1,1,85.91,342.06,363,0
ORD-100958,2025-08-21 15:06:50.673782520,South,Standard Class,Electronics,Retail,9,1178,Medium,54.9,66.0,5.3,7.3,2.0,1,172.54,720.14,34,1
ORD-100959,2025-08-21 20:56:31.060707136,East,Second Class,Clothing,Retail,7,1484,Low,63.0,52.1,5.2,6.1,0.9,1,181.75,820.32,335,0
ORD-100960,2025-08-22 02:46:11.447631752,East,First Class,Clothing,Wholesale,14,1441,High,50.3,58.8,4.9,8.7,3.8,1,211.23,604.26,528,0
ORD-100961,2025-08-22 08:35:51.834556372,South,Second Class,Electronics,Retail,16,468,Medium,82.3,83.4,3.8,6.1,2.3,1,119.98,1669.72,567,0
ORD-100962,2025-08-22 14:25:32.221480988,North,Standard Class,Sports,Retail,2,161,Medium,68.0,73.5,3.5,4.6,1.1,1,44.6,91.59,127,0
ORD-100963,2025-08-22 20:15:12.608405604,North,Second Class,Electronics,Wholesale,10,348,Medium,66.6,83.1,3.4,4.5,1.1,1,117.89,1165.57,402,0
ORD-100964,2025-08-23 02:04:52.995330220,West,Standard Class,Clothing,Retail,20,1158,Medium,32.9,70.3,5.1,6.9,1.8,1,176.39,1118.35,48,0
ORD-100965,2025-08-23 07:54:33.382254836,South,Second Class,Electronics,Wholesale,18,311,Low,85.6,71.3,3.3,3.8,0.5,1,125.57,1896.08,175,0
ORD-100966,2025-08-23 13:44:13.769179452,West,First Class,Clothing,Wholesale,16,976,Low,40.5,36.5,4.4,5.6,1.2,1,155.46,1488.94,502,0
ORD-100967,2025-08-23 19:33:54.156104068,North,Second Class,Electronics,Retail,15,573,Low,86.3,59.9,3.6,4.6,1.0,1,148.08,1091.7,388,0
ORD-100968,2025-08-24 01:23:34.543028684,East,Second Class,Clothing,Retail,1,1155,Low,91.4,61.4,5.0,7.2,2.2,1,162.0,95.07,241,0
ORD-100969,2025-08-24 07:13:14.929953300,North,Standard Class,Electronics,Retail,20,917,Low,64.2,84.6,4.9,5.9,1.0,1,181.0,836.68,577,0
ORD-100970,2025-08-24 13:02:55.316877916,North,Standard Class,Home & Kitchen,Wholesale,15,887,Low,73.6,56.9,4.9,6.1,1.2,1,174.68,1055.18,457,0
ORD-100971,2025-08-24 18:52:35.703802536,North,First Class,Electronics,Retail,18,1178,Medium,10.0,69.2,4.4,6.3,1.9,1,185.02,1008.24,23,1
ORD-100972,2025-08-25 00:42:16.090727152,North,Second Class,Clothing,Corporate,19,1434,Low,51.5,68.6,5.3,6.6,1.3,1,241.18,953.34,57,0
ORD-100973,2025-08-25 06:31:56.477651768,West,Second Class,Electronics,Retail,6,559,Low,74.8,83.5,3.8,5.0,1.2,1,116.64,647.71,379,0
ORD-100974,2025-08-25 12:21:36.864576384,South,Standard Class,Electronics,Wholesale,1,803,Low,71.6,62.9,4.6,6.1,1.5,1,103.74,79.28,527,0
ORD-100975,2025-08-25 18:11:17.251501000,East,Standard Class,Electronics,Retail,14,947,Low,33.0,78.2,5.0,5.7,0.7,1,158.09,815.21,102,0
ORD-100976,2025-08-26 00:00:57.638425616,South,Standard Class,Electronics,Retail,10,1238,Medium,49.7,37.7,5.5,6.8,1.3,1,171.36,710.6,327,0
ORD-100977,2025-08-26 05:50:38.025350232,South,Standard Class,Electronics,Retail,1,733,Low,10.0,39.2,4.9,4.6,-0.3,0,98.2,100.94,491,0
ORD-100978,2025-08-26 11:40:18.412274848,East,Standard Class,Clothing,Retail,6,574,Low,62.4,28.5,4.3,5.2,0.9,1,87.59,520.04,518,0
ORD-100979,2025-08-26 17:29:58.799199464,North,Same Day,Sports,Corporate,20,1273,Medium,21.1,77.6,3.9,5.7,1.8,1,204.38,2000.83,388,0
ORD-100980,2025-08-26 23:19:39.186124080,West,Second Class,Electronics,Retail,8,1431,Low,75.3,75.8,5.6,7.7,2.1,1,170.64,770.21,599,0
ORD-100981,2025-08-27 05:09:19.573048700,West,Standard Class,Clothing,Retail,6,862,Low,76.3,79.3,4.7,5.9,1.2,1,103.32,510.42,562,0
ORD-100982,2025-08-27 10:58:59.959973316,East,Standard Class,Sports,Retail,14,173,Medium,46.5,54.2,3.9,4.4,0.5,1,88.96,1019.13,502,0
ORD-100983,2025-08-27 16:48:40.346897932,South,Standard Class,Electronics,Retail,14,449,Low,64.4,56.0,4.3,4.2,-0.1,0,109.62,856.97,405,0
ORD-100984,2025-08-27 22:38:20.733822548,North,First Class,Clothing,Corporate,7,705,Medium,51.1,63.1,3.6,6.1,2.5,1,109.62,738.26,591,0
ORD-100985,2025-08-28 04:28:01.120747164,West,Standard Class,Electronics,Corporate,17,1062,Medium,59.4,88.1,5.3,7.5,2.2,1,141.06,1139.62,20,1
ORD-100986,2025-08-28 10:17:41.507671780,South,First Class,Electronics,Corporate,12,1011,High,34.3,92.1,4.1,7.0,2.9,1,147.24,1418.85,62,0
ORD-100987,2025-08-28 16:07:21.894596396,North,First Class,Clothing,Retail,4,1234,Low,66.2,77.7,4.6,6.2,1.6,1,156.55,399.76,311,0
ORD-100988,2025-08-28 21:57:02.281521012,South,Standard Class,Home & Kitchen,Retail,7,64,Medium,25.5,70.3,3.4,3.7,0.3,1,54.79,668.49,405,0
ORD-100989,2025-08-29 03:46:42.668445628,West,Second Class,Home & Kitchen,Wholesale,17,709,Medium,22.1,86.4,4.3,5.3,1.0,1,148.47,1437.97,543,0
ORD-100990,2025-08-29 09:36:23.055370248,East,Same Day,Home & Kitchen,Retail,2,1058,Low,52.8,60.9,4.0,5.7,1.7,1,153.38,278.17,410,0
ORD-100991,2025-08-29 15:26:03.442294864,East,Standard Class,Clothing,Wholesale,1,1482,High,51.2,58.7,5.9,9.3,3.4,1,176.01,119.51,147,0
ORD-100992,2025-08-29 21:15:43.829219480,West,Standard Class,Electronics,Retail,14,230,Low,59.9,62.9,4.1,4.4,0.3,1,111.85,1064.77,546,0
ORD-100993,2025-08-30 03:05:24.216144096,North,Same Day,Clothing,Retail,9,1321,Medium,43.3,49.3,4.2,5.6,1.4,1,190.09,1118.16,58,0
ORD-100994,2025-08-30 08:55:04.603068712,West,First Class,Electronics,Corporate,6,31,Low,88.9,62.2,2.2,2.8,0.6,1,52.28,555.73,66,0
ORD-100995,2025-08-30 14:44:44.989993328,South,Second Class,Electronics,Retail,10,311,Low,57.9,47.1,3.1,3.5,0.4,1,100.65,786.02,434,0
ORD-100996,2025-08-30 20:34:25.376917944,East,Second Class,Electronics,Corporate,4,1274,Low,59.2,81.4,5.4,7.6,2.2,1,173.14,277.84,578,0
ORD-100997,2025-08-31 02:24:05.763842560,North,Standard Class,Clothing,Retail,8,1185,High,58.6,73.7,5.3,8.4,3.1,1,159.13,501.78,306,0
ORD-100998,2025-08-31 08:13:46.150767176,West,First Class,Clothing,Retail,5,1460,Low,73.1,87.9,5.1,6.5,1.4,1,171.88,599.48,89,0
ORD-100999,2025-08-31 14:03:26.537691792,South,Standard Class,Electronics,Retail,12,910,Low,65.4,38.9,4.8,5.8,1.0,1,158.96,765.89,38,0
ORD-101000,2025-08-31 19:53:06.924616412,North,Standard Class,Sports,Retail,14,932,Low,63.0,95.4,4.8,6.2,1.4,1,141.8,525.59,587,0
ORD-101001,2025-09-01 01:42:47.311541028,South,Second Class,Clothing,Retail,19,812,Medium,68.2,39.8,4.1,5.3,1.2,1,150.45,724.49,175,0
ORD-101002,2025-09-01 07:32:27.698465644,North,Same Day,Home & Kitchen,Retail,2,777,Low,22.2,45.8,3.4,4.0,0.6,1,101.11,279.21,387,0
ORD-101003,2025-09-01 13:22:08.085390260,North,First Class,Electronics,Wholesale,7,781,Low,22.8,55.1,3.8,4.7,0.9,1,128.43,640.72,202,0
ORD-101004,2025-09-01 19:11:48.472314876,East,Standard Class,Clothing,Corporate,6,453,Medium,53.6,85.9,4.1,5.6,1.5,1,98.76,502.33,136,0
ORD-101005,2025-09-02 01:01:28.859239492,South,Standard Class,Electronics,Retail,12,1283,Low,51.4,68.6,5.6,6.6,1.0,1,195.01,1504.87,404,0
ORD-101006,2025-09-02 06:51:09.246164108,West,Same Day,Clothing,Retail,11,548,Low,65.4,61.1,2.8,3.5,0.7,1,108.07,768.95,446,0
ORD-101007,2025-09-02 12:40:49.633088724,South,Same Day,Electronics,Retail,18,924,Low,55.4,52.3,3.3,3.7,0.4,1,157.08,2017.17,288,0
ORD-101008,2025-09-02 18:30:30.020013340,East,Second Class,Electronics,Wholesale,19,1011,High,65.5,43.0,4.4,7.3,2.9,1,186.38,1998.2,309,0
ORD-101009,2025-09-03 00:20:10.406937956,South,Second Class,Sports,Retail,16,816,Medium,32.6,83.1,4.8,6.4,1.6,1,141.89,1309.67,297,0
ORD-101010,2025-09-03 06:09:50.793862576,East,Standard Class,Electronics,Retail,4,925,Low,54.8,77.8,5.1,5.9,0.8,1,123.76,462.11,358,0
ORD-101011,2025-09-03 11:59:31.180787192,East,Standard Class,Electronics,Retail,1,92,Low,30.9,86.6,3.6,4.5,0.9,1,26.95,129.51,485,0
ORD-101012,2025-09-03 17:49:11.567711808,South,Standard Class,Home & Kitchen,Retail,18,487,Low,62.0,71.3,4.0,5.1,1.1,1,135.93,987.65,429,0
ORD-101013,2025-09-03 23:38:51.954636424,West,Standard Class,Electronics,Retail,19,683,High,21.2,22.7,4.4,5.8,1.4,1,165.39,717.09,174,0
ORD-101014,2025-09-04 05:28:32.341561040,South,Standard Class,Clothing,Retail,6,603,Low,61.3,45.1,4.1,4.2,0.1,0,97.46,696.32,155,0
ORD-101015,2025-09-04 11:18:12.728485656,North,First Class,Clothing,Corporate,1,1364,Low,28.6,72.4,4.6,5.4,0.8,1,169.33,114.26,406,0
ORD-101016,2025-09-04 17:07:53.115410272,East,Standard Class,Electronics,Retail,14,1348,High,48.1,59.1,5.5,9.1,3.6,1,192.44,1254.5,390,0
ORD-101017,2025-09-04 22:57:33.502334888,West,Standard Class,Clothing,Retail,12,1074,Low,71.1,56.1,5.4,7.0,1.6,1,146.04,705.83,226,0
ORD-101018,2025-09-05 04:47:13.889259504,North,Second Class,Electronics,Retail,18,541,Low,59.1,47.3,3.9,5.2,1.3,1,125.94,2085.69,504,0
ORD-101019,2025-09-05 10:36:54.276184120,South,Standard Class,Sports,Retail,12,95,Low,25.4,80.2,3.2,3.3,0.1,0,67.05,1245.03,256,0
ORD-101020,2025-09-05 16:26:34.663108740,West,Standard Class,Electronics,Retail,16,1138,Low,42.9,72.3,5.2,6.2,1.0,1,176.28,2043.26,208,0
ORD-101021,2025-09-05 22:16:15.050033356,East,Second Class,Electronics,Retail,16,1329,Low,28.0,73.0,5.4,6.0,0.6,1,199.56,1322.25,337,0
ORD-101022,2025-09-06 04:05:55.436957972,West,Standard Class,Clothing,Retail,1,745,High,24.5,54.9,4.5,6.9,2.4,1,126.15,150.12,123,0
ORD-101023,2025-09-06 09:55:35.823882588,East,Second Class,Home & Kitchen,Wholesale,3,1244,Low,57.1,67.8,5.1,6.4,1.3,1,138.52,287.91,420,0
ORD-101024,2025-09-06 15:45:16.210807204,East,Same Day,Home & Kitchen,Retail,16,1398,Low,65.1,43.6,4.5,5.8,1.3,1,199.02,1546.5,539,0
ORD-101025,2025-09-06 21:34:56.597731820,South,Standard Class,Home & Kitchen,Corporate,4,829,Medium,62.9,62.9,4.8,7.1,2.3,1,113.06,421.04,567,0
ORD-101026,2025-09-07 03:24:36.984656436,West,Same Day,Sports,Retail,5,330,Medium,65.8,24.6,2.5,3.6,1.1,1,69.23,417.54,273,0
ORD-101027,2025-09-07 09:14:17.371581052,South,Same Day,Sports,Retail,16,53,Medium,54.8,39.9,1.9,3.3,1.4,1,90.43,1417.02,168,0
ORD-101028,2025-09-07 15:03:57.758505668,East,First Class,Clothing,Corporate,5,1141,Medium,50.1,59.8,4.4,5.7,1.3,1,151.51,315.3,292,0
ORD-101029,2025-09-07 20:53:38.145430288,South,Second Class,Home & Kitchen,Wholesale,3,852,Low,35.7,100.0,4.1,6.0,1.9,1,98.04,233.83,71,0
ORD-101030,2025-09-08 02:43:18.532354904,East,Second Class,Clothing,Retail,1,247,Low,47.1,36.2,3.0,3.1,0.1,0,64.56,109.1,403,0
ORD-101031,2025-09-08 08:32:58.919279520,East,Second Class,Clothing,Corporate,10,100,Low,31.2,45.1,3.0,3.3,0.3,1,59.78,390.04,262,0
ORD-101032,2025-09-08 14:22:39.306204136,South,Second Class,Sports,Retail,13,1455,Low,39.8,68.5,5.6,7.2,1.6,1,198.69,1363.66,81,0
ORD-101033,2025-09-08 20:12:19.693128752,West,Standard Class,Clothing,Retail,15,494,High,56.6,93.3,3.8,6.3,2.5,1,139.52,972.7,332,0
ORD-101034,2025-09-09 02:02:00.080053368,South,Same Day,Electronics,Corporate,19,504,Medium,52.9,68.2,2.9,4.6,1.7,1,141.04,1170.78,433,0
ORD-101035,2025-09-09 07:51:40.466977984,East,Second Class,Clothing,Wholesale,14,951,Low,100.0,76.2,4.7,6.7,2.0,1,167.77,1440.87,144,0
ORD-101036,2025-09-09 13:41:20.853902600,South,First Class,Clothing,Retail,16,559,Low,30.8,59.6,3.1,3.3,0.2,0,123.07,903.49,248,0
ORD-101037,2025-09-09 19:31:01.240827216,South,Standard Class,Home & Kitchen,Wholesale,5,1372,High,52.7,56.8,5.6,8.5,2.9,1,172.25,672.96,535,0
ORD-101038,2025-09-10 01:20:41.627751832,South,Standard Class,Clothing,Retail,7,1028,Low,29.4,66.3,5.4,6.2,0.8,1,151.57,934.64,428,0
ORD-101039,2025-09-10 07:10:22.014676452,North,Second Class,Home & Kitchen,Retail,7,549,Low,48.0,54.5,3.9,4.5,0.6,1,111.89,566.11,481,0
ORD-101040,2025-09-10 13:00:02.401601068,North,Second Class,Clothing,Corporate,2,414,Low,48.8,76.6,3.2,4.3,1.1,1,80.26,158.69,275,0
ORD-101041,2025-09-10 18:49:42.788525684,East,Standard Class,Sports,Retail,20,1293,Low,70.2,39.3,5.7,7.3,1.6,1,209.94,888.96,301,0
ORD-101042,2025-09-11 00:39:23.175450300,East,Standard Class,Electronics,Retail,5,896,Low,46.9,79.2,4.7,5.7,1.0,1,114.49,571.53,303,0
ORD-101043,2025-09-11 06:29:03.562374916,East,Standard Class,Home & Kitchen,Retail,9,1380,High,51.6,65.6,5.8,9.2,3.4,1,173.98,495.53,275,0
ORD-101044,2025-09-11 12:18:43.949299532,North,Second Class,Clothing,Retail,8,531,Low,47.3,61.6,3.6,3.5,-0.1,0,115.9,1005.05,95,0
ORD-101045,2025-09-11 18:08:24.336224148,South,Standard Class,Electronics,Retail,1,51,Low,29.8,38.7,3.3,3.0,-0.3,0,55.72,130.64,34,1
ORD-101046,2025-09-11 23:58:04.723148764,North,Same Day,Electronics,Corporate,19,1351,Medium,43.3,49.3,4.3,6.3,2.0,1,207.45,926.48,501,0
ORD-101047,2025-09-12 05:47:45.110073380,West,Standard Class,Electronics,Wholesale,5,374,Low,48.1,84.2,3.9,4.9,1.0,1,103.81,510.65,326,0
ORD-101048,2025-09-12 11:37:25.496997996,West,Standard Class,Clothing,Wholesale,3,1272,Medium,56.3,61.7,5.4,7.5,2.1,1,164.07,275.97,324,0
ORD-101049,2025-09-12 17:27:05.883922616,North,Standard Class,Sports,Retail,7,1071,Medium,65.1,69.5,5.1,7.6,2.5,1,149.95,636.99,361,0
ORD-101050,2025-09-12 23:16:46.270847232,East,Second Class,Home & Kitchen,Retail,3,363,Low,50.8,50.9,3.2,4.0,0.8,1,65.41,167.07,253,0
ORD-101051,2025-09-13 05:06:26.657771848,North,Standard Class,Sports,Retail,20,1140,Low,50.5,64.5,5.4,6.4,1.0,1,209.22,2108.89,536,0
ORD-101052,2025-09-13 10:56:07.044696464,South,Second Class,Clothing,Retail,4,140,Medium,24.0,43.0,3.1,3.7,0.6,1,69.82,207.51,287,0
ORD-101053,2025-09-13 16:45:47.431621080,North,Same Day,Clothing,Retail,7,601,Medium,64.7,66.6,2.7,4.5,1.8,1,134.33,851.75,305,0
ORD-101054,2025-09-13 22:35:27.818545696,South,Standard Class,Home & Kitchen,Wholesale,6,548,Medium,42.5,70.9,4.4,5.6,1.2,1,128.88,485.21,323,0
ORD-101055,2025-09-14 04:25:08.205470312,East,Second Class,Home & Kitchen,Corporate,1,992,Low,68.4,70.1,4.6,6.4,1.8,1,114.78,125.07,102,0
ORD-101056,2025-09-14 10:14:48.592394928,West,Standard Class,Clothing,Retail,1,811,Medium,78.7,50.5,4.7,6.2,1.5,1,100.67,146.9,112,0
ORD-101057,2025-09-14 16:04:28.979319544,North,Standard Class,Home & Kitchen,Retail,11,926,Medium,51.6,59.5,5.0,6.8,1.8,1,115.24,1183.93,116,0
ORD-101058,2025-09-14 21:54:09.366244160,East,Standard Class,Clothing,Wholesale,5,725,Low,36.6,73.6,4.6,5.6,1.0,1,125.54,453.65,159,0
ORD-101059,2025-09-15 03:43:49.753168780,East,Standard Class,Home & Kitchen,Retail,2,1115,Medium,54.7,61.6,5.4,7.2,1.8,1,149.62,179.96,104,0
ORD-101060,2025-09-15 09:33:30.140093396,West,Second Class,Home & Kitchen,Corporate,6,257,Low,61.3,60.4,3.2,3.6,0.4,1,81.57,481.13,142,0
ORD-101061,2025-09-15 15:23:10.527018012,East,Second Class,Sports,Retail,6,1084,Low,49.3,95.5,5.0,6.2,1.2,1,134.54,437.27,563,0
ORD-101062,2025-09-15 21:12:50.913942628,North,Second Class,Electronics,Retail,9,94,Medium,44.8,49.8,3.0,4.2,1.2,1,71.6,1126.81,222,0
ORD-101063,2025-09-16 03:02:31.300867244,East,Second Class,Sports,Retail,20,147,Low,65.1,82.3,3.2,3.7,0.5,1,111.52,1184.84,478,0
ORD-101064,2025-09-16 08:52:11.687791860,South,Second Class,Electronics,Corporate,7,1091,Low,64.0,46.5,4.9,5.7,0.8,1,163.71,549.95,242,0
ORD-101065,2025-09-16 14:41:52.074716476,West,Standard Class,Home & Kitchen,Retail,15,254,Low,48.8,75.5,3.9,4.8,0.9,1,106.22,1641.59,496,0
ORD-101066,2025-09-16 20:31:32.461641092,South,Standard Class,Clothing,Wholesale,16,1160,Medium,25.2,76.3,5.4,7.2,1.8,1,187.79,1148.6,454,0
ORD-101067,2025-09-17 02:21:12.848565708,East,Standard Class,Sports,Retail,2,216,Low,63.2,56.8,3.5,4.4,0.9,1,64.85,244.94,505,0
ORD-101068,2025-09-17 08:10:53.235490328,North,Second Class,Home & Kitchen,Retail,11,237,Medium,41.2,45.5,3.1,4.3,1.2,1,103.97,646.12,180,0
ORD-101069,2025-09-17 14:00:33.622414944,South,Same Day,Electronics,Corporate,9,1401,Medium,58.9,33.5,4.4,7.1,2.7,1,193.03,383.83,66,0
ORD-101070,2025-09-17 19:50:14.009339560,West,Standard Class,Clothing,Retail,11,282,Low,57.7,55.2,3.6,4.5,0.9,1,81.35,1050.5,191,0
ORD-101071,2025-09-18 01:39:54.396264176,East,Second Class,Sports,Retail,4,1372,High,21.0,73.4,5.1,7.7,2.6,1,181.61,374.3,424,0
ORD-101072,2025-09-18 07:29:34.783188792,South,First Class,Clothing,Retail,10,535,Medium,56.5,47.8,3.0,4.5,1.5,1,128.96,1252.46,396,0
ORD-101073,2025-09-18 13:19:15.170113408,West,First Class,Electronics,Corporate,3,1200,Low,64.3,66.6,4.3,5.5,1.2,1,158.4,261.59,425,0
ORD-101074,2025-09-18 19:08:55.557038024,West,Second Class,Electronics,Retail,19,1411,High,66.5,41.4,5.7,8.8,3.1,1,217.58,952.07,596,0
ORD-101075,2025-09-19 00:58:35.943962640,South,Second Class,Clothing,Retail,12,192,Low,57.1,61.3,3.0,3.0,0.0,0,110.48,801.67,142,0
ORD-101076,2025-09-19 06:48:16.330887256,East,Second Class,Sports,Corporate,1,509,Low,19.4,46.6,4.1,4.2,0.1,0,63.69,87.63,272,0
ORD-101077,2025-09-19 12:37:56.717811872,South,First Class,Clothing,Wholesale,11,870,Low,78.0,63.8,4.1,5.6,1.5,1,162.9,1020.47,299,0
ORD-101078,2025-09-19 18:27:37.104736492,East,Standard Class,Electronics,Corporate,19,1301,Low,62.4,57.0,5.6,7.0,1.4,1,198.66,1199.5,98,0
ORD-101079,2025-09-20 00:17:17.491661108,South,Same Day,Clothing,Wholesale,15,297,Low,33.3,46.0,2.2,2.0,-0.2,0,117.88,1318.11,400,0
ORD-101080,2025-09-20 06:06:57.878585724,North,Standard Class,Clothing,Wholesale,6,296,Low,40.8,54.5,3.7,3.5,-0.2,0,82.7,736.47,38,0
ORD-101081,2025-09-20 11:56:38.265510340,West,First Class,Electronics,Retail,18,565,Low,59.2,50.1,3.8,5.3,1.5,1,123.81,1371.53,539,0
ORD-101082,2025-09-20 17:46:18.652434956,West,Standard Class,Sports,Retail,4,322,Low,67.2,44.0,4.1,4.8,0.7,1,75.28,397.26,62,0
ORD-101083,2025-09-20 23:35:59.039359572,West,Standard Class,Clothing,Wholesale,5,415,Low,46.2,82.3,4.0,4.4,0.4,1,101.58,296.18,75,0
ORD-101084,2025-09-21 05:25:39.426284188,West,Standard Class,Clothing,Wholesale,4,212,Medium,69.9,59.2,3.4,4.9,1.5,1,69.69,450.86,112,0
ORD-101085,2025-09-21 11:15:19.813208804,East,Standard Class,Home & Kitchen,Corporate,19,1247,Low,22.7,29.8,5.3,6.8,1.5,1,187.56,1189.17,536,0
ORD-101086,2025-09-21 17:05:00.200133420,West,Standard Class,Clothing,Retail,15,1199,Low,36.2,55.0,5.2,6.4,1.2,1,174.22,1387.19,518,0
ORD-101087,2025-09-21 22:54:40.587058036,West,Standard Class,Sports,Retail,11,233,Low,17.8,79.6,3.9,3.1,-0.8,0,94.35,705.75,554,0
ORD-101088,2025-09-22 04:44:20.973982656,South,Standard Class,Electronics,Retail,14,814,Low,38.8,52.8,5.0,6.6,1.6,1,167.65,604.07,501,0
ORD-101089,2025-09-22 10:34:01.360907272,South,Standard Class,Electronics,Wholesale,6,976,Low,82.1,89.0,5.0,5.9,0.9,1,118.32,421.49,554,0
ORD-101090,2025-09-22 16:23:41.747831888,North,First Class,Electronics,Retail,2,949,Low,92.0,51.3,4.1,5.5,1.4,1,165.71,138.76,288,0
ORD-101091,2025-09-22 22:13:22.134756504,East,First Class,Home & Kitchen,Wholesale,17,1477,Low,59.2,73.1,5.4,6.6,1.2,1,215.99,2080.98,12,1
ORD-101092,2025-09-23 04:03:02.521681120,South,Second Class,Home & Kitchen,Retail,20,969,Medium,43.5,81.6,4.4,5.9,1.5,1,183.55,1234.78,268,0
ORD-101093,2025-09-23 09:52:42.908605736,North,Standard Class,Electronics,Retail,1,1037,Low,51.0,72.2,5.1,6.3,1.2,1,126.73,158.68,140,0
ORD-101094,2025-09-23 15:42:23.295530352,East,Standard Class,Electronics,Retail,2,68,Low,63.5,43.0,3.4,3.0,-0.4,0,53.76,165.59,154,0
ORD-101095,2025-09-23 21:32:03.682454968,South,Same Day,Clothing,Wholesale,12,137,Medium,26.9,49.9,2.0,2.7,0.7,1,84.58,676.12,417,0
ORD-101096,2025-09-24 03:21:44.069379584,North,Standard Class,Sports,Corporate,1,936,Medium,44.7,83.7,4.8,6.9,2.1,1,110.03,100.26,108,0
ORD-101097,2025-09-24 09:11:24.456304200,West,Standard Class,Sports,Retail,15,1364,Low,80.8,52.1,5.6,6.9,1.3,1,191.47,827.31,199,0
ORD-101098,2025-09-24 15:01:04.843228820,West,Same Day,Sports,Retail,19,610,Low,36.2,80.6,3.3,3.5,0.2,0,156.71,2188.1,241,0
ORD-101099,2025-09-24 20:50:45.230153436,North,Same Day,Home & Kitchen,Retail,6,972,Low,41.5,58.1,4.0,4.8,0.8,1,120.17,307.54,46,0
ORD-101100,2025-09-25 02:40:25.617078052,North,Standard Class,Clothing,Retail,6,331,Low,55.2,67.3,3.8,4.3,0.5,1,91.25,717.84,423,0
ORD-101101,2025-09-25 08:30:06.004002668,South,Second Class,Sports,Retail,18,695,Low,60.1,42.8,4.0,4.6,0.6,1,145.44,729.37,460,0
ORD-101102,2025-09-25 14:19:46.390927284,West,Standard Class,Clothing,Corporate,8,1132,Low,43.7,55.3,5.2,5.8,0.6,1,146.54,541.66,339,0
ORD-101103,2025-09-25 20:09:26.777851900,West,First Class,Clothing,Corporate,5,997,High,56.4,51.0,4.2,7.2,3.0,1,163.68,271.36,26,1
ORD-101104,2025-09-26 01:59:07.164776516,North,Standard Class,Home & Kitchen,Retail,2,189,Medium,65.9,68.6,3.4,4.9,1.5,1,52.92,205.87,474,0
ORD-101105,2025-09-26 07:48:47.551701132,West,Standard Class,Electronics,Retail,17,1321,Low,90.3,66.5,5.6,7.0,1.4,1,190.46,1462.03,273,0
ORD-101106,2025-09-26 13:38:27.938625748,North,Second Class,Sports,Retail,19,1393,Low,52.7,72.4,5.4,6.5,1.1,1,208.79,2402.3,167,0
ORD-101107,2025-09-26 19:28:08.325550368,South,Standard Class,Sports,Retail,2,726,Medium,54.3,57.2,4.4,6.0,1.6,1,99.4,161.35,569,0
ORD-101108,2025-09-27 01:17:48.712474984,West,Second Class,Home & Kitchen,Retail,17,524,Low,82.5,50.1,3.7,4.3,0.6,1,135.42,676.53,517,0
ORD-101109,2025-09-27 07:07:29.099399600,North,Standard Class,Clothing,Wholesale,4,806,Low,45.1,67.9,4.6,5.5,0.9,1,121.59,453.61,269,0
ORD-101110,2025-09-27 12:57:09.486324216,North,First Class,Clothing,Retail,3,1206,Low,31.2,48.5,4.5,5.9,1.4,1,152.17,306.34,271,0
ORD-101111,2025-09-27 18:46:49.873248832,South,First Class,Home & Kitchen,Wholesale,8,690,Medium,59.5,82.3,3.6,5.3,1.7,1,120.9,929.55,548,0
ORD-101112,2025-09-28 00:36:30.260173448,East,Standard Class,Home & Kitchen,Retail,9,64,Low,74.4,63.2,3.5,3.7,0.2,0,65.24,681.27,122,0
ORD-101113,2025-09-28 06:26:10.647098064,West,First Class,Clothing,Wholesale,18,127,Low,61.5,59.8,2.3,2.9,0.6,1,109.5,1896.1,251,0
ORD-101114,2025-09-28 12:15:51.034022680,West,Standard Class,Home & Kitchen,Wholesale,14,1221,Low,53.3,72.4,5.7,6.9,1.2,1,181.64,754.15,346,0
ORD-101115,2025-09-28 18:05:31.420947296,North,Standard Class,Electronics,Retail,3,1185,Low,28.9,63.8,5.4,6.3,0.9,1,141.35,425.42,214,0
ORD-101116,2025-09-28 23:55:11.807871912,North,Standard Class,Sports,Retail,12,1163,Low,53.9,38.5,5.4,6.6,1.2,1,190.48,652.85,196,0
ORD-101117,2025-09-29 05:44:52.194796532,West,First Class,Home & Kitchen,Corporate,18,207,Medium,77.2,48.0,2.9,4.5,1.6,1,109.0,2055.17,73,0
ORD-101118,2025-09-29 11:34:32.581721148,South,First Class,Clothing,Wholesale,14,272,Low,32.8,81.9,2.8,3.2,0.4,1,112.96,780.7,167,0
ORD-101119,2025-09-29 17:24:12.968645764,West,Same Day,Clothing,Retail,5,604,Medium,50.6,66.3,2.8,4.2,1.4,1,120.63,564.81,221,0
ORD-101120,2025-09-29 23:13:53.355570380,East,First Class,Home & Kitchen,Retail,3,361,High,48.0,38.1,2.9,5.8,2.9,1,95.0,361.29,504,0
ORD-101121,2025-09-30 05:03:33.742494996,North,Same Day,Home & Kitchen,Retail,10,592,Low,42.4,70.6,2.9,4.0,1.1,1,125.7,1200.57,208,0
ORD-101122,2025-09-30 10:53:14.129419612,West,Standard Class,Home & Kitchen,Wholesale,10,847,Low,59.5,56.1,4.9,6.2,1.3,1,141.13,827.34,105,0
ORD-101123,2025-09-30 16:42:54.516344228,North,Same Day,Clothing,Wholesale,8,434,Medium,63.0,51.0,2.6,4.0,1.4,1,100.28,618.92,509,0
ORD-101124,2025-09-30 22:32:34.903268844,South,Second Class,Home & Kitchen,Retail,3,202,Low,62.8,46.7,3.3,3.4,0.1,0,64.88,348.69,217,0
ORD-101125,2025-10-01 04:22:15.290193460,East,Standard Class,Electronics,Wholesale,3,616,Low,37.4,81.0,3.9,5.0,1.1,1,73.95,288.63,552,0
ORD-101126,2025-10-01 10:11:55.677118076,South,Second Class,Clothing,Wholesale,11,1090,Low,25.4,33.6,4.7,5.4,0.7,1,169.02,1066.93,74,0
ORD-101127,2025-10-01 16:01:36.064042696,East,Standard Class,Clothing,Wholesale,19,935,High,59.7,51.6,5.1,7.7,2.6,1,175.87,1119.15,22,1
ORD-101128,2025-10-01 21:51:16.450967312,East,Standard Class,Home & Kitchen,Retail,12,496,Low,45.9,66.9,4.1,4.6,0.5,1,124.97,943.5,553,0
ORD-101129,2025-10-02 03:40:56.837891928,West,Standard Class,Home & Kitchen,Retail,9,481,Medium,88.1,90.3,3.9,5.5,1.6,1,109.35,645.31,67,0
ORD-101130,2025-10-02 09:30:37.224816544,West,Standard Class,Sports,Retail,19,884,Low,88.9,73.9,4.7,6.5,1.8,1,180.09,1892.43,15,1
ORD-101131,2025-10-02 15:20:17.611741160,East,Standard Class,Sports,Retail,14,275,Low,90.8,51.5,3.2,4.3,1.1,1,90.54,759.57,389,0
ORD-101132,2025-10-02 21:09:57.998665776,North,First Class,Clothing,Retail,15,1254,Low,38.1,89.5,4.5,5.8,1.3,1,172.63,1140.82,197,0
ORD-101133,2025-10-03 02:59:38.385590392,East,Second Class,Clothing,Retail,12,1307,Low,65.2,43.3,5.4,6.7,1.3,1,156.6,1426.76,295,0
ORD-101134,2025-10-03 08:49:18.772515008,West,Second Class,Clothing,Retail,16,57,Low,70.7,69.2,2.8,3.2,0.4,1,89.92,1392.31,250,0
ORD-101135,2025-10-03 14:38:59.159439624,South,Standard Class,Electronics,Wholesale,11,1457,Low,68.7,72.8,5.8,6.7,0.9,1,187.52,1365.08,185,0
ORD-101136,2025-10-03 20:28:39.546364240,South,Standard Class,Clothing,Retail,13,54,Low,48.6,50.9,2.9,2.6,-0.3,0,69.68,743.79,293,0
ORD-101137,2025-10-04 02:18:19.933288860,South,Standard Class,Home & Kitchen,Wholesale,13,699,Low,78.0,76.2,4.2,5.1,0.9,1,142.89,1019.25,163,0
ORD-101138,2025-10-04 08:08:00.320213476,North,First Class,Sports,Retail,16,1008,Low,55.0,56.8,4.4,5.2,0.8,1,165.37,1350.87,142,0
ORD-101139,2025-10-04 13:57:40.707138092,East,Standard Class,Home & Kitchen,Retail,18,504,Low,57.3,76.1,4.2,5.1,0.9,1,116.12,1330.09,142,0
ORD-101140,2025-10-04 19:47:21.094062708,South,Second Class,Clothing,Retail,6,321,Low,27.3,35.6,3.2,3.6,0.4,1,112.3,609.79,79,0
ORD-101141,2025-10-05 01:37:01.480987324,West,First Class,Clothing,Wholesale,14,90,High,66.6,70.4,2.5,4.8,2.3,1,88.0,690.5,320,0
ORD-101142,2025-10-05 07:26:41.867911940,West,Second Class,Electronics,Wholesale,1,1097,Low,50.3,58.4,4.8,6.4,1.6,1,123.98,117.25,333,0
ORD-101143,2025-10-05 13:16:22.254836556,West,First Class,Clothing,Retail,11,74,Low,63.4,83.4,2.3,2.6,0.3,1,70.56,532.24,20,1
ORD-101144,2025-10-05 19:06:02.641761172,South,Standard Class,Clothing,Wholesale,18,737,Low,59.2,64.3,4.2,5.1,0.9,1,151.27,1728.04,281,0
ORD-101145,2025-10-06 00:55:43.028685788,South,First Class,Electronics,Retail,13,601,Low,58.3,85.0,3.5,4.4,0.9,1,126.08,1498.39,445,0
ORD-101146,2025-10-06 06:45:23.415610408,East,Second Class,Electronics,Retail,6,1453,Medium,54.2,73.1,5.5,8.1,2.6,1,196.83,264.99,10,1
ORD-101147,2025-10-06 12:35:03.802535024,West,First Class,Sports,Retail,13,1397,Low,69.2,63.0,5.0,6.6,1.6,1,196.2,1061.23,187,0
ORD-101148,2025-10-06 18:24:44.189459640,South,Second Class,Clothing,Retail,8,1230,Low,51.4,77.6,5.2,6.6,1.4,1,189.58,691.35,576,0
ORD-101149,2025-10-07 00:14:24.576384256,West,First Class,Clothing,Retail,9,1102,Low,28.8,77.7,4.1,4.5,0.4,1,151.24,963.88,261,0
ORD-101150,2025-10-07 06:04:04.963308872,North,Same Day,Electronics,Corporate,5,824,Low,65.2,72.6,3.4,4.2,0.8,1,131.48,235.21,19,1
ORD-101151,2025-10-07 11:53:45.350233488,West,Standard Class,Clothing,Retail,13,537,High,40.4,28.3,4.1,6.7,2.6,1,132.86,972.55,320,0
ORD-101152,2025-10-07 17:43:25.737158104,North,First Class,Clothing,Retail,4,266,High,31.2,49.3,2.9,4.1,1.2,1,86.5,446.46,252,0
ORD-101153,2025-10-07 23:33:06.124082720,North,Second Class,Clothing,Retail,9,1453,Low,36.6,87.1,5.4,7.2,1.8,1,202.94,813.57,134,0
ORD-101154,2025-10-08 05:22:46.511007336,East,Standard Class,Sports,Retail,19,590,Low,60.1,44.9,4.2,5.1,0.9,1,140.4,2036.17,53,0
ORD-101155,2025-10-08 11:12:26.897931952,North,Same Day,Electronics,Retail,16,654,Low,53.3,79.1,2.5,3.1,0.6,1,140.12,1132.91,531,0
ORD-101156,2025-10-08 17:02:07.284856572,North,Standard Class,Home & Kitchen,Corporate,9,229,Low,16.6,76.3,3.8,3.6,-0.2,0,51.0,1108.54,489,0
ORD-101157,2025-10-08 22:51:47.671781188,North,Second Class,Electronics,Wholesale,20,429,Low,48.1,53.4,3.6,4.8,1.2,1,128.88,859.83,412,0
ORD-101158,2025-10-09 04:41:28.058705804,South,Standard Class,Clothing,Retail,1,959,Low,76.0,33.1,4.7,6.3,1.6,1,141.43,72.43,20,1
ORD-101159,2025-10-09 10:31:08.445630420,West,Standard Class,Electronics,Wholesale,20,651,Low,46.9,55.9,4.5,5.1,0.6,1,160.73,1723.65,523,0
ORD-101160,2025-10-09 16:20:48.832555036,North,First Class,Clothing,Retail,8,887,Low,52.0,98.2,3.9,5.1,1.2,1,137.2,664.44,289,0
ORD-101161,2025-10-09 22:10:29.219479652,East,Standard Class,Clothing,Retail,17,333,Low,73.8,51.2,3.7,4.2,0.5,1,138.45,1636.12,290,0
ORD-101162,2025-10-10 04:00:09.606404268,West,Standard Class,Home & Kitchen,Retail,19,141,High,69.3,52.3,3.3,5.7,2.4,1,101.99,1082.68,527,0
ORD-101163,2025-10-10 09:49:49.993328884,North,Standard Class,Clothing,Retail,13,1331,High,73.4,49.0,5.7,8.8,3.1,1,183.45,774.07,265,0
ORD-101164,2025-10-10 15:39:30.380253500,North,Standard Class,Sports,Retail,13,659,Low,10.0,84.4,4.3,4.7,0.4,1,121.7,1399.92,149,0
ORD-101165,2025-10-10 21:29:10.767178116,West,First Class,Electronics,Wholesale,15,554,Medium,86.2,61.1,3.2,5.6,2.4,1,119.46,957.39,149,0
ORD-101166,2025-10-11 03:18:51.154102736,West,First Class,Electronics,Retail,5,443,Low,66.5,55.0,3.4,4.1,0.7,1,101.6,533.75,556,0
ORD-101167,2025-10-11 09:08:31.541027352,East,Standard Class,Clothing,Corporate,4,994,Medium,99.3,87.6,5.0,7.1,2.1,1,145.67,413.29,331,0
ORD-101168,2025-10-11 14:58:11.927951968,West,Second Class,Clothing,Wholesale,7,853,Low,40.9,74.3,4.3,4.7,0.4,1,138.63,326.0,351,0
ORD-101169,2025-10-11 20:47:52.314876584,North,Standard Class,Clothing,Corporate,10,596,Medium,23.3,50.3,4.4,5.5,1.1,1,110.48,1043.45,359,0
ORD-101170,2025-10-12 02:37:32.701801200,South,Second Class,Home & Kitchen,Wholesale,15,1398,Low,55.1,45.4,5.2,6.2,1.0,1,200.25,1820.25,140,0
ORD-101171,2025-10-12 08:27:13.088725816,East,Standard Class,Sports,Corporate,6,1355,Low,50.0,83.5,5.6,7.1,1.5,1,146.23,716.14,257,0
ORD-101172,2025-10-12 14:16:53.475650432,North,Standard Class,Home & Kitchen,Retail,12,314,High,66.8,65.3,3.8,5.8,2.0,1,106.62,439.52,571,0
ORD-101173,2025-10-12 20:06:33.862575048,East,Standard Class,Clothing,Retail,1,971,Low,74.3,40.2,4.7,6.1,1.4,1,130.34,115.4,95,0
ORD-101174,2025-10-13 01:56:14.249499664,South,Second Class,Home & Kitchen,Retail,1,1454,Low,53.4,36.5,5.5,6.4,0.9,1,154.49,165.39,571,0
ORD-101175,2025-10-13 07:45:54.636424280,East,Second Class,Clothing,Corporate,20,743,Medium,50.7,47.1,4.0,5.5,1.5,1,156.98,1859.87,171,0
ORD-101176,2025-10-13 13:35:35.023348900,South,Standard Class,Sports,Retail,18,64,Medium,64.4,45.2,3.5,4.5,1.0,1,93.67,1128.38,184,0
ORD-101177,2025-10-13 19:25:15.410273516,South,First Class,Home & Kitchen,Retail,18,215,Medium,50.4,32.3,2.9,4.5,1.6,1,129.09,969.12,18,1
ORD-101178,2025-10-14 01:14:55.797198132,North,Second Class,Sports,Wholesale,7,1008,Medium,48.9,47.4,4.7,6.4,1.7,1,132.71,730.73,401,0
ORD-101179,2025-10-14 07:04:36.184122748,North,Standard Class,Home & Kitchen,Retail,11,1355,Medium,73.7,50.3,5.4,8.3,2.9,1,192.7,1231.61,198,0
ORD-101180,2025-10-14 12:54:16.571047364,East,First Class,Sports,Corporate,14,210,Low,77.7,57.6,2.8,3.7,0.9,1,86.88,1710.04,281,0
ORD-101181,2025-10-14 18:43:56.957971980,North,First Class,Electronics,Retail,6,829,Low,74.5,92.1,3.7,5.6,1.9,1,123.91,751.13,352,0
ORD-101182,2025-10-15 00:33:37.344896596,North,Standard Class,Sports,Retail,15,755,Medium,52.0,60.7,4.6,6.1,1.5,1,149.24,1031.12,384,0
ORD-101183,2025-10-15 06:23:17.731821212,North,Second Class,Clothing,Retail,14,442,Medium,16.5,62.3,3.2,4.2,1.0,1,109.81,1306.42,573,0
ORD-101184,2025-10-15 12:12:58.118745828,North,Standard Class,Home & Kitchen,Retail,9,955,Low,52.3,73.1,4.7,6.2,1.5,1,146.68,430.45,337,0
ORD-101185,2025-10-15 18:02:38.505670448,West,Second Class,Home & Kitchen,Retail,9,1320,Low,41.4,61.2,5.4,6.9,1.5,1,180.46,435.37,114,0
ORD-101186,2025-10-15 23:52:18.892595064,South,Standard Class,Electronics,Retail,7,374,Medium,52.7,71.4,3.9,5.4,1.5,1,86.09,303.75,425,0
ORD-101187,2025-10-16 05:41:59.279519680,West,Second Class,Electronics,Retail,17,100,Low,42.9,69.5,2.9,3.1,0.2,0,105.16,2095.34,42,0
ORD-101188,2025-10-16 11:31:39.666444296,North,Standard Class,Electronics,Wholesale,20,551,Low,54.6,67.0,4.0,4.7,0.7,1,138.72,1006.15,507,0
ORD-101189,2025-10-16 17:21:20.053368912,East,Second Class,Clothing,Corporate,20,485,Medium,36.3,100.0,3.5,5.3,1.8,1,133.41,1630.97,184,0
ORD-101190,2025-10-16 23:11:00.440293528,South,Same Day,Electronics,Retail,16,1096,Low,31.9,79.6,3.9,5.4,1.5,1,179.52,1251.15,436,0
ORD-101191,2025-10-17 05:00:40.827218144,South,Standard Class,Sports,Retail,7,815,Low,77.0,47.7,4.6,5.5,0.9,1,135.14,485.42,102,0
ORD-101192,2025-10-17 10:50:21.214142760,West,First Class,Clothing,Retail,16,46,Low,37.5,70.9,2.8,2.7,-0.1,0,94.34,1378.73,249,0
ORD-101193,2025-10-17 16:40:01.601067376,West,Same Day,Home & Kitchen,Corporate,5,523,Low,55.0,52.3,2.8,3.2,0.4,1,103.36,192.02,420,0
ORD-101194,2025-10-17 22:29:41.987991992,West,First Class,Electronics,Wholesale,18,1108,Medium,72.2,72.1,4.4,6.8,2.4,1,192.07,1313.3,376,0
ORD-101195,2025-10-18 04:19:22.374916612,North,Standard Class,Clothing,Retail,6,726,Low,71.5,43.0,4.3,4.9,0.6,1,117.59,505.01,13,1
ORD-101196,2025-10-18 10:09:02.761841228,North,First Class,Electronics,Retail,9,853,Low,69.3,47.3,3.9,5.2,1.3,1,127.3,1027.42,30,1
ORD-101197,2025-10-18 15:58:43.148765844,East,Standard Class,Home & Kitchen,Corporate,2,411,Low,60.5,70.5,4.0,4.9,0.9,1,65.46,215.51,588,0
ORD-101198,2025-10-18 21:48:23.535690460,South,Standard Class,Electronics,Corporate,2,493,Low,68.0,81.0,4.0,4.8,0.8,1,70.42,246.24,322,0
ORD-101199,2025-10-19 03:38:03.922615076,East,First Class,Electronics,Retail,8,212,Low,79.7,73.0,2.7,4.1,1.4,1,105.34,572.35,514,0
ORD-101200,2025-10-19 09:27:44.309539692,East,Second Class,Electronics,Corporate,12,140,Low,62.7,78.7,3.1,3.2,0.1,0,60.27,584.83,52,0
ORD-101201,2025-10-19 15:17:24.696464308,East,Second Class,Home & Kitchen,Retail,1,74,Low,21.9,71.0,3.2,3.8,0.6,1,60.94,75.32,299,0
ORD-101202,2025-10-19 21:07:05.083388924,West,Standard Class,Electronics,Retail,17,944,Low,45.5,67.8,4.9,6.0,1.1,1,156.75,2178.66,350,0
ORD-101203,2025-10-20 02:56:45.470313540,East,First Class,Sports,Wholesale,3,253,Low,67.5,56.9,3.1,3.0,-0.1,0,86.94,173.67,553,0
ORD-101204,2025-10-20 08:46:25.857238156,North,Second Class,Sports,Retail,20,869,Low,43.7,78.0,4.5,6.0,1.5,1,141.68,1058.11,429,0
ORD-101205,2025-10-20 14:36:06.244162776,North,Standard Class,Sports,Retail,6,1431,Low,84.2,81.4,6.0,8.2,2.2,1,180.12,791.2,380,0
ORD-101206,2025-10-20 20:25:46.631087392,East,First Class,Electronics,Corporate,8,1052,Low,53.9,64.0,4.2,5.2,1.0,1,169.94,1033.5,183,0
ORD-101207,2025-10-21 02:15:27.018012008,South,Standard Class,Electronics,Corporate,4,872,Low,56.5,63.1,4.7,5.4,0.7,1,135.26,222.87,596,0
ORD-101208,2025-10-21 08:05:07.404936624,North,Standard Class,Clothing,Retail,17,193,Low,75.2,90.5,3.5,3.8,0.3,1,102.28,1843.46,203,0
ORD-101209,2025-10-21 13:54:47.791861240,South,Second Class,Electronics,Wholesale,15,744,Low,51.7,64.7,4.3,6.0,1.7,1,121.63,1159.7,174,0
ORD-101210,2025-10-21 19:44:28.178785856,East,Same Day,Sports,Wholesale,2,1339,Medium,58.2,66.2,4.5,6.3,1.8,1,145.33,203.69,437,0
ORD-101211,2025-10-22 01:34:08.565710472,West,Standard Class,Clothing,Retail,3,589,Low,71.2,72.7,4.3,4.9,0.6,1,118.38,264.8,598,0
ORD-101212,2025-10-22 07:23:48.952635088,East,Standard Class,Clothing,Corporate,13,1243,Medium,28.5,63.4,5.6,7.4,1.8,1,175.0,1688.23,515,0
ORD-101213,2025-10-22 13:13:29.339559704,South,Standard Class,Electronics,Wholesale,18,1069,Medium,49.9,51.9,5.0,6.2,1.2,1,179.59,977.84,116,0
ORD-101214,2025-10-22 19:03:09.726484320,South,First Class,Clothing,Retail,3,415,Low,69.9,71.0,3.3,3.8,0.5,1,90.17,337.77,491,0
ORD-101215,2025-10-23 00:52:50.113408940,East,Standard Class,Electronics,Retail,5,229,Low,56.2,64.4,3.8,4.7,0.9,1,59.07,184.57,218,0
ORD-101216,2025-10-23 06:42:30.500333556,South,Second Class,Sports,Corporate,11,45,Low,81.4,94.5,3.0,4.0,1.0,1,83.18,1043.25,140,0
ORD-101217,2025-10-23 12:32:10.887258172,East,Same Day,Electronics,Corporate,3,428,Low,26.6,77.6,2.7,3.0,0.3,1,77.64,303.85,561,0
ORD-101218,2025-10-23 18:21:51.274182788,East,Standard Class,Home & Kitchen,Retail,7,513,Low,24.6,55.5,4.3,4.6,0.3,1,103.98,761.6,570,0
ORD-101219,2025-10-24 00:11:31.661107404,North,Second Class,Sports,Retail,1,991,Low,68.9,76.7,4.4,5.6,1.2,1,123.27,152.7,228,0
ORD-101220,2025-10-24 06:01:12.048032020,North,Second Class,Electronics,Wholesale,10,867,Medium,70.6,69.9,4.4,6.3,1.9,1,125.29,1092.15,25,1
ORD-101221,2025-10-24 11:50:52.434956636,North,First Class,Electronics,Retail,15,729,Low,51.5,86.0,3.8,4.5,0.7,1,138.52,1590.18,133,0
ORD-101222,2025-10-24 17:40:32.821881252,West,Standard Class,Clothing,Retail,9,1090,Medium,62.2,56.6,4.9,6.6,1.7,1,167.1,564.69,329,0
ORD-101223,2025-10-24 23:30:13.208805868,East,Standard Class,Electronics,Corporate,6,1160,Medium,68.4,68.0,5.4,7.3,1.9,1,162.74,810.72,45,0
ORD-101224,2025-10-25 05:19:53.595730488,North,Standard Class,Electronics,Wholesale,9,1076,Low,40.4,63.4,4.9,5.6,0.7,1,155.98,747.77,144,0
ORD-101225,2025-10-25 11:09:33.982655104,West,Second Class,Home & Kitchen,Corporate,11,1348,High,42.3,65.9,5.2,8.6,3.4,1,195.13,861.68,97,0
ORD-101226,2025-10-25 16:59:14.369579720,South,First Class,Sports,Wholesale,4,552,High,58.4,50.8,3.4,6.2,2.8,1,97.28,347.27,571,0
ORD-101227,2025-10-25 22:48:54.756504336,South,Standard Class,Electronics,Retail,3,1239,Low,71.3,74.2,5.3,6.5,1.2,1,157.65,254.48,219,0
ORD-101228,2025-10-26 04:38:35.143428952,West,Standard Class,Clothing,Corporate,4,643,Low,34.0,71.7,4.4,4.6,0.2,0,98.78,384.87,234,0
ORD-101229,2025-10-26 10:28:15.530353568,North,First Class,Electronics,Retail,20,292,Low,51.4,85.6,2.9,3.5,0.6,1,131.47,1373.05,258,0
ORD-101230,2025-10-26 16:17:55.917278184,North,Standard Class,Home & Kitchen,Retail,15,235,Low,50.6,64.8,3.5,4.7,1.2,1,105.05,873.97,17,1
ORD-101231,2025-10-26 22:07:36.304202800,East,Standard Class,Electronics,Corporate,3,155,Low,62.5,58.4,3.6,3.7,0.1,0,57.09,374.13,330,0
ORD-101232,2025-10-27 03:57:16.691127416,North,Second Class,Sports,Wholesale,7,1435,Low,54.8,77.6,5.3,6.8,1.5,1,164.58,905.06,548,0
ORD-101233,2025-10-27 09:46:57.078052032,East,Standard Class,Home & Kitchen,Corporate,9,270,Low,45.2,52.3,4.1,4.5,0.4,1,100.93,747.39,490,0
ORD-101234,2025-10-27 15:36:37.464976652,North,Standard Class,Electronics,Retail,4,1257,Medium,77.5,82.4,5.5,7.8,2.3,1,153.02,543.33,157,0
ORD-101235,2025-10-27 21:26:17.851901268,North,Standard Class,Electronics,Corporate,18,1180,Low,45.3,82.3,5.1,6.2,1.1,1,190.2,1376.28,17,1
ORD-101236,2025-10-28 03:15:58.238825884,North,Standard Class,Clothing,Wholesale,19,670,Low,49.7,85.1,4.2,5.5,1.3,1,177.45,1384.32,466,0
ORD-101237,2025-10-28 09:05:38.625750500,South,Second Class,Home & Kitchen,Wholesale,5,1373,Low,26.4,71.0,5.5,6.7,1.2,1,177.99,651.72,506,0
ORD-101238,2025-10-28 14:55:19.012675116,North,Second Class,Clothing,Corporate,1,1365,Medium,42.2,57.2,5.2,7.4,2.2,1,178.12,136.08,553,0
ORD-101239,2025-10-28 20:44:59.399599732,North,Second Class,Sports,Retail,6,1390,Low,64.3,66.7,5.1,6.8,1.7,1,170.61,686.33,350,0
ORD-101240,2025-10-29 02:34:39.786524348,West,Standard Class,Home & Kitchen,Wholesale,12,755,Low,60.8,71.1,4.7,6.0,1.3,1,151.72,913.18,289,0
ORD-101241,2025-10-29 08:24:20.173448964,South,First Class,Home & Kitchen,Wholesale,17,461,Medium,65.8,56.0,3.2,5.2,2.0,1,128.3,1266.14,456,0
ORD-101242,2025-10-29 14:14:00.560373580,South,Standard Class,Clothing,Wholesale,7,84,Low,64.9,86.3,3.5,4.6,1.1,1,73.22,302.92,417,0
ORD-101243,2025-10-29 20:03:40.947298196,North,First Class,Clothing,Corporate,6,1264,Medium,92.6,74.3,4.9,8.2,3.3,1,194.0,798.96,456,0
ORD-101244,2025-10-30 01:53:21.334222816,South,Standard Class,Sports,Wholesale,5,1312,Low,41.5,50.7,5.6,7.1,1.5,1,161.66,322.64,177,0
ORD-101245,2025-10-30 07:43:01.721147432,North,First Class,Electronics,Retail,1,814,Low,25.9,95.1,4.3,4.9,0.6,1,110.23,106.38,542,0
ORD-101246,2025-10-30 13:32:42.108072048,East,Standard Class,Home & Kitchen,Retail,1,125,Medium,36.1,66.6,3.1,4.3,1.2,1,41.82,49.64,31,1
ORD-101247,2025-10-30 19:22:22.494996664,North,Standard Class,Electronics,Corporate,9,1238,Medium,42.3,47.5,5.3,7.3,2.0,1,180.27,905.29,65,0
ORD-101248,2025-10-31 01:12:02.881921280,West,Standard Class,Electronics,Corporate,13,461,Medium,37.5,51.7,4.0,5.8,1.8,1,107.06,951.56,396,0
ORD-101249,2025-10-31 07:01:43.268845896,West,Standard Class,Home & Kitchen,Corporate,1,832,Low,56.7,88.8,5.1,5.9,0.8,1,127.5,132.89,347,0
ORD-101250,2025-10-31 12:51:23.655770512,North,Standard Class,Clothing,Retail,5,996,Medium,77.5,94.2,5.3,7.7,2.4,1,122.66,455.86,336,0
ORD-101251,2025-10-31 18:41:04.042695128,North,Second Class,Electronics,Retail,19,236,Low,82.7,81.2,3.5,4.2,0.7,1,122.87,905.79,546,0
ORD-101252,2025-11-01 00:30:44.429619744,North,First Class,Electronics,Wholesale,20,112,Medium,64.1,86.1,2.5,4.0,1.5,1,98.49,723.77,523,0
ORD-101253,2025-11-01 06:20:24.816544360,East,Standard Class,Clothing,Wholesale,13,137,Medium,93.5,84.5,3.3,4.9,1.6,1,101.73,721.48,434,0
ORD-101254,2025-11-01 12:10:05.203468980,North,First Class,Home & Kitchen,Retail,11,1440,Low,48.6,73.9,4.9,6.5,1.6,1,192.77,1185.14,107,0
ORD-101255,2025-11-01 17:59:45.590393596,West,First Class,Electronics,Wholesale,12,1437,Low,25.6,70.3,4.9,5.5,0.6,1,186.19,1407.62,66,0
ORD-101256,2025-11-01 23:49:25.977318212,East,First Class,Electronics,Retail,8,652,Low,74.0,73.6,3.9,5.3,1.4,1,116.26,558.97,92,0
ORD-101257,2025-11-02 05:39:06.364242828,West,Second Class,Clothing,Retail,5,650,Low,21.9,76.8,3.9,4.5,0.6,1,96.17,449.06,372,0
ORD-101258,2025-11-02 11:28:46.751167444,East,Second Class,Home & Kitchen,Retail,8,622,Low,41.4,53.1,3.9,4.5,0.6,1,124.49,481.07,430,0
ORD-101259,2025-11-02 17:18:27.138092060,West,Second Class,Electronics,Retail,14,539,Low,64.4,76.7,3.9,5.5,1.6,1,113.76,1677.16,481,0
ORD-101260,2025-11-02 23:08:07.525016676,North,Second Class,Home & Kitchen,Retail,14,825,Low,53.2,88.3,4.0,4.9,0.9,1,146.1,1798.48,70,0
ORD-101261,2025-11-03 04:57:47.911941292,South,Same Day,Home & Kitchen,Corporate,14,547,Low,51.6,61.7,2.9,3.7,0.8,1,129.63,1507.82,172,0
ORD-101262,2025-11-03 10:47:28.298865908,South,Standard Class,Clothing,Wholesale,13,932,Low,33.7,60.0,4.7,5.5,0.8,1,172.73,592.74,209,0
ORD-101263,2025-11-03 16:37:08.685790528,West,Standard Class,Home & Kitchen,Corporate,2,581,Medium,54.8,72.6,4.2,5.8,1.6,1,96.25,170.48,383,0
ORD-101264,2025-11-03 22:26:49.072715144,East,Standard Class,Sports,Retail,13,952,Low,73.1,54.6,4.8,6.8,2.0,1,156.88,1706.83,37,0
ORD-101265,2025-11-04 04:16:29.459639760,West,Same Day,Clothing,Retail,18,1419,Low,55.4,43.9,4.4,5.7,1.3,1,214.15,1064.82,505,0
ORD-101266,2025-11-04 10:06:09.846564376,North,Standard Class,Clothing,Retail,13,324,Medium,40.1,83.4,3.8,4.8,1.0,1,77.57,1292.75,57,0
ORD-101267,2025-11-04 15:55:50.233488992,West,Second Class,Home & Kitchen,Wholesale,12,112,High,32.5,57.8,3.0,5.6,2.6,1,66.44,1493.32,319,0
ORD-101268,2025-11-04 21:45:30.620413608,South,First Class,Home & Kitchen,Retail,5,799,Low,40.4,65.3,3.8,4.5,0.7,1,116.76,566.24,560,0
ORD-101269,2025-11-05 03:35:11.007338224,South,Same Day,Sports,Wholesale,16,196,Low,62.1,55.2,2.3,2.3,0.0,0,93.76,1491.35,124,0
ORD-101270,2025-11-05 09:24:51.394262840,West,Standard Class,Home & Kitchen,Wholesale,10,362,Low,61.2,85.4,3.7,4.2,0.5,1,80.9,842.23,415,0
ORD-101271,2025-11-05 15:14:31.781187456,South,First Class,Clothing,Corporate,6,1189,High,40.6,78.7,4.7,7.2,2.5,1,167.43,775.09,334,0
ORD-101272,2025-11-05 21:04:12.168112072,South,First Class,Home & Kitchen,Retail,10,638,Medium,15.2,61.1,3.5,3.9,0.4,1,121.17,744.14,493,0
ORD-101273,2025-11-06 02:53:52.555036692,East,Standard Class,Home & Kitchen,Retail,3,833,Medium,62.6,46.1,4.6,6.1,1.5,1,123.1,386.85,356,0
ORD-101274,2025-11-06 08:43:32.941961308,North,First Class,Electronics,Retail,19,1169,Medium,38.8,59.4,4.4,6.1,1.7,1,181.99,1478.12,510,0
ORD-101275,2025-11-06 14:33:13.328885924,South,Standard Class,Electronics,Retail,15,210,Low,67.4,74.1,3.5,4.6,1.1,1,102.39,1609.38,247,0
ORD-101276,2025-11-06 20:22:53.715810540,North,Second Class,Clothing,Wholesale,7,728,Low,41.4,68.0,4.5,5.5,1.0,1,126.92,875.79,106,0
ORD-101277,2025-11-07 02:12:34.102735156,North,Second Class,Home & Kitchen,Retail,16,71,Medium,37.2,66.7,2.9,4.0,1.1,1,85.52,1399.11,410,0
ORD-101278,2025-11-07 08:02:14.489659772,West,Standard Class,Clothing,Wholesale,2,759,Medium,57.8,68.4,4.4,5.8,1.4,1,117.19,151.65,580,0
ORD-101279,2025-11-07 13:51:54.876584388,East,Standard Class,Sports,Retail,8,352,Low,97.4,77.1,4.0,5.5,1.5,1,88.66,329.31,265,0
ORD-101280,2025-11-07 19:41:35.263509004,South,Standard Class,Electronics,Corporate,14,1369,Low,68.5,64.3,5.6,7.6,2.0,1,198.55,1607.39,493,0
ORD-101281,2025-11-08 01:31:15.650433620,South,Standard Class,Clothing,Corporate,1,406,Low,57.5,72.2,4.0,4.9,0.9,1,92.82,106.27,527,0
ORD-101282,2025-11-08 07:20:56.037358236,South,Second Class,Sports,Retail,15,316,High,61.5,49.2,3.3,5.8,2.5,1,124.52,909.32,390,0
ORD-101283,2025-11-08 13:10:36.424282856,East,Standard Class,Electronics,Corporate,17,41,Low,23.5,100.0,3.5,3.2,-0.3,0,103.14,2013.25,477,0
ORD-101284,2025-11-08 19:00:16.811207472,West,Standard Class,Home & Kitchen,Retail,12,217,Medium,34.8,60.5,3.5,4.8,1.3,1,93.45,1475.66,342,0
ORD-101285,2025-11-09 00:49:57.198132088,West,Second Class,Electronics,Wholesale,5,340,Low,10.0,68.3,3.7,4.4,0.7,1,78.98,606.6,484,0
ORD-101286,2025-11-09 06:39:37.585056704,South,Second Class,Home & Kitchen,Corporate,15,357,Low,86.1,74.1,3.3,4.4,1.1,1,110.79,1392.87,208,0
ORD-101287,2025-11-09 12:29:17.971981320,South,Second Class,Electronics,Wholesale,7,1113,Medium,82.5,58.4,4.8,6.8,2.0,1,136.72,927.82,320,0
ORD-101288,2025-11-09 18:18:58.358905936,South,Same Day,Home & Kitchen,Wholesale,15,1334,Low,62.1,65.1,4.6,6.0,1.4,1,180.2,1811.62,55,0
ORD-101289,2025-11-10 00:08:38.745830552,East,Standard Class,Sports,Retail,13,1286,Medium,57.4,64.9,5.6,7.5,1.9,1,184.28,622.34,125,0
ORD-101290,2025-11-10 05:58:19.132755168,South,First Class,Electronics,Wholesale,2,1436,Medium,27.1,50.4,5.4,7.0,1.6,1,164.41,299.49,351,0
ORD-101291,2025-11-10 11:47:59.519679784,East,Standard Class,Electronics,Wholesale,2,1350,Medium,51.1,72.0,5.6,7.9,2.3,1,178.23,214.77,437,0
ORD-101292,2025-11-10 17:37:39.906604400,East,Second Class,Electronics,Retail,1,694,Low,87.3,38.6,4.1,5.3,1.2,1,122.94,143.22,27,1
ORD-101293,2025-11-10 23:27:20.293529020,South,Same Day,Sports,Retail,2,597,Medium,57.4,93.0,3.3,5.3,2.0,1,89.8,232.37,50,0
ORD-101294,2025-11-11 05:17:00.680453636,South,First Class,Home & Kitchen,Wholesale,6,981,Low,44.8,77.7,3.9,5.1,1.2,1,149.78,608.54,13,1
ORD-101295,2025-11-11 11:06:41.067378252,South,Second Class,Clothing,Wholesale,1,493,Low,23.4,75.2,3.4,3.5,0.1,0,76.69,80.82,315,0
ORD-101296,2025-11-11 16:56:21.454302868,North,Second Class,Clothing,Retail,19,914,Low,79.8,37.2,4.3,5.3,1.0,1,181.76,741.21,207,0
ORD-101297,2025-11-11 22:46:01.841227484,North,Standard Class,Sports,Corporate,19,1500,Low,53.7,52.3,6.1,7.3,1.2,1,229.92,1209.51,41,0
ORD-101298,2025-11-12 04:35:42.228152100,East,Second Class,Clothing,Wholesale,4,313,Low,23.4,87.2,3.1,3.4,0.3,1,90.12,410.0,478,0
ORD-101299,2025-11-12 10:25:22.615076716,South,First Class,Sports,Retail,7,1159,Low,38.4,100.0,4.6,6.5,1.9,1,151.11,853.74,321,0
ORD-101300,2025-11-12 16:15:03.002001332,North,Same Day,Clothing,Retail,15,1405,Low,32.0,84.1,4.5,6.4,1.9,1,210.94,570.49,15,1
ORD-101301,2025-11-12 22:04:43.388925948,East,Standard Class,Sports,Wholesale,14,815,Low,52.6,81.6,5.0,6.3,1.3,1,125.91,791.06,414,0
ORD-101302,2025-11-13 03:54:23.775850568,East,Standard Class,Home & Kitchen,Wholesale,12,547,Low,58.7,73.4,4.4,5.3,0.9,1,136.49,1203.71,547,0
ORD-101303,2025-11-13 09:44:04.162775184,North,Second Class,Clothing,Retail,20,397,Low,45.9,51.4,3.6,3.6,0.0,0,127.95,1250.82,257,0
ORD-101304,2025-11-13 15:33:44.549699800,West,Standard Class,Electronics,Retail,13,268,Medium,69.0,80.9,3.9,5.5,1.6,1,101.12,638.04,570,0
ORD-101305,2025-11-13 21:23:24.936624416,West,Standard Class,Electronics,Wholesale,14,495,Low,56.4,47.4,4.2,4.6,0.4,1,97.19,613.83,255,0
ORD-101306,2025-11-14 03:13:05.323549032,East,Standard Class,Clothing,Wholesale,11,1125,Low,74.1,45.6,5.2,7.1,1.9,1,164.55,1085.33,55,0
ORD-101307,2025-11-14 09:02:45.710473648,East,Second Class,Clothing,Corporate,11,783,Medium,48.6,44.6,4.0,4.9,0.9,1,153.35,1030.12,82,0
ORD-101308,2025-11-14 14:52:26.097398264,North,Standard Class,Home & Kitchen,Retail,6,347,High,100.0,80.6,3.7,6.9,3.2,1,87.57,709.82,49,0
ORD-101309,2025-11-14 20:42:06.484322880,West,Standard Class,Sports,Wholesale,11,822,Medium,44.8,64.1,4.7,5.9,1.2,1,148.51,738.67,188,0
ORD-101310,2025-11-15 02:31:46.871247496,South,Standard Class,Clothing,Retail,19,1218,Medium,38.7,66.6,5.4,7.2,1.8,1,194.89,948.32,237,0
ORD-101311,2025-11-15 08:21:27.258172112,West,First Class,Home & Kitchen,Retail,8,40,High,36.5,64.8,2.1,4.3,2.2,1,77.13,888.56,272,0
ORD-101312,2025-11-15 14:11:07.645096732,East,Second Class,Electronics,Wholesale,3,50,Low,51.2,47.0,2.9,3.5,0.6,1,55.79,388.13,293,0
ORD-101313,2025-11-15 20:00:48.032021348,North,Standard Class,Home & Kitchen,Wholesale,12,1440,High,24.0,54.3,5.8,8.6,2.8,1,181.5,874.04,519,0
ORD-101314,2025-11-16 01:50:28.418945964,North,Standard Class,Electronics,Retail,16,1128,High,60.3,55.1,5.3,8.6,3.3,1,181.99,1909.17,16,1
ORD-101315,2025-11-16 07:40:08.805870580,East,Second Class,Sports,Wholesale,20,872,Low,20.7,42.5,4.7,4.9,0.2,0,184.82,2175.0,539,0
ORD-101316,2025-11-16 13:29:49.192795196,East,Standard Class,Home & Kitchen,Retail,11,1361,Medium,57.9,56.9,5.7,7.9,2.2,1,193.3,1378.44,150,0
ORD-101317,2025-11-16 19:19:29.579719812,North,Second Class,Home & Kitchen,Retail,16,892,Medium,30.7,47.7,4.3,6.0,1.7,1,156.31,1231.81,572,0
ORD-101318,2025-11-17 01:09:09.966644428,East,Standard Class,Home & Kitchen,Retail,6,791,Medium,48.1,74.2,4.3,6.0,1.7,1,151.28,291.47,89,0
ORD-101319,2025-11-17 06:58:50.353569044,West,Same Day,Clothing,Retail,9,333,Medium,65.9,75.6,2.6,3.9,1.3,1,109.42,426.18,69,0
ORD-101320,2025-11-17 12:48:30.740493660,South,Standard Class,Home & Kitchen,Wholesale,9,1220,Low,96.5,44.3,5.3,6.9,1.6,1,184.38,1004.13,81,0
ORD-101321,2025-11-17 18:38:11.127418276,South,Second Class,Clothing,Corporate,7,1152,Low,35.6,60.3,5.1,6.4,1.3,1,159.9,853.68,184,0
ORD-101322,2025-11-18 00:27:51.514342896,North,Standard Class,Sports,Wholesale,15,457,Low,52.3,94.7,4.3,4.7,0.4,1,129.38,1189.96,565,0
ORD-101323,2025-11-18 06:17:31.901267512,West,Same Day,Electronics,Retail,18,1111,Medium,42.0,49.3,3.6,4.9,1.3,1,192.23,765.2,283,0
ORD-101324,2025-11-18 12:07:12.288192128,South,Same Day,Electronics,Retail,7,1096,Medium,39.3,71.8,4.0,5.9,1.9,1,125.58,322.24,107,0
ORD-101325,2025-11-18 17:56:52.675116744,West,Second Class,Clothing,Retail,3,160,Medium,42.1,66.7,3.3,4.2,0.9,1,66.49,280.4,388,0
ORD-101326,2025-11-18 23:46:33.062041360,South,Standard Class,Electronics,Wholesale,17,257,Medium,69.8,82.5,3.9,4.9,1.0,1,109.19,2086.29,309,0
ORD-101327,2025-11-19 05:36:13.448965976,East,Standard Class,Sports,Retail,17,901,High,46.2,69.7,4.5,7.7,3.2,1,157.03,1267.36,424,0
ORD-101328,2025-11-19 11:25:53.835890592,South,First Class,Home & Kitchen,Retail,19,943,Low,95.5,58.1,4.0,5.1,1.1,1,175.57,1867.66,447,0
ORD-101329,2025-11-19 17:15:34.222815208,North,Second Class,Home & Kitchen,Wholesale,6,994,High,62.5,66.1,4.4,7.3,2.9,1,124.52,548.76,473,0
ORD-101330,2025-11-19 23:05:14.609739824,West,Standard Class,Electronics,Wholesale,15,572,Low,36.8,66.3,4.3,4.7,0.4,1,106.88,1810.06,99,0
ORD-101331,2025-11-20 04:54:54.996664440,South,Standard Class,Home & Kitchen,Retail,15,1257,Low,48.4,63.5,5.6,6.7,1.1,1,203.11,1748.86,302,0
ORD-101332,2025-11-20 10:44:35.383589060,East,Standard Class,Electronics,Retail,16,680,Low,40.6,43.9,4.0,4.3,0.3,1,146.42,883.41,382,0
ORD-101333,2025-11-20 16:34:15.770513676,West,First Class,Clothing,Wholesale,17,325,Low,69.4,84.9,2.9,4.0,1.1,1,87.9,1698.98,338,0
ORD-101334,2025-11-20 22:23:56.157438292,West,Second Class,Home & Kitchen,Retail,20,190,Low,25.5,82.1,3.3,3.6,0.3,1,101.29,2315.96,583,0
ORD-101335,2025-11-21 04:13:36.544362908,West,Second Class,Electronics,Retail,10,1319,Low,30.9,48.3,5.2,6.5,1.3,1,188.39,1273.31,576,0
ORD-101336,2025-11-21 10:03:16.931287524,North,Second Class,Electronics,Corporate,2,1067,Low,44.4,60.2,4.8,5.6,0.8,1,133.06,214.1,489,0
ORD-101337,2025-11-21 15:52:57.318212140,East,Standard Class,Electronics,Retail,4,703,Medium,67.3,61.4,4.4,6.8,2.4,1,128.57,227.94,151,0
ORD-101338,2025-11-21 21:42:37.705136756,West,Standard Class,Clothing,Retail,18,329,Low,77.2,46.5,3.6,3.7,0.1,0,133.43,1594.45,322,0
ORD-101339,2025-11-22 03:32:18.092061372,South,Standard Class,Home & Kitchen,Retail,17,162,Medium,79.8,35.1,3.5,4.2,0.7,1,87.97,1675.16,484,0
ORD-101340,2025-11-22 09:21:58.478985988,North,First Class,Electronics,Retail,1,246,Low,64.5,54.3,2.9,4.1,1.2,1,64.63,68.27,168,0
ORD-101341,2025-11-22 15:11:38.865910608,West,Standard Class,Electronics,Retail,8,176,Low,53.5,59.3,3.6,4.2,0.6,1,72.6,1024.76,429,0
ORD-101342,2025-11-22 21:01:19.252835224,South,Standard Class,Clothing,Retail,5,804,Low,69.3,41.9,4.8,5.9,1.1,1,108.49,308.05,157,0
ORD-101343,2025-11-23 02:50:59.639759840,East,Standard Class,Electronics,Retail,7,312,Low,34.4,67.8,3.8,4.3,0.5,1,67.1,860.41,92,0
ORD-101344,2025-11-23 08:40:40.026684456,West,Standard Class,Sports,Retail,13,209,Medium,21.8,83.6,3.8,4.9,1.1,1,80.81,986.37,151,0
ORD-101345,2025-11-23 14:30:20.413609072,East,Second Class,Home & Kitchen,Corporate,11,438,Low,62.9,78.5,3.5,4.4,0.9,1,101.79,398.72,556,0
ORD-101346,2025-11-23 20:20:00.800533688,South,Standard Class,Home & Kitchen,Corporate,10,1055,Medium,36.9,63.0,4.9,6.2,1.3,1,159.5,897.77,597,0
ORD-101347,2025-11-24 02:09:41.187458304,South,Standard Class,Home & Kitchen,Retail,9,755,Low,53.8,35.6,4.7,5.7,1.0,1,142.46,874.83,514,0
ORD-101348,2025-11-24 07:59:21.574382920,South,First Class,Clothing,Retail,13,247,Medium,57.2,76.5,2.9,4.4,1.5,1,104.12,1536.07,170,0
ORD-101349,2025-11-24 13:49:01.961307536,North,Standard Class,Home & Kitchen,Wholesale,14,1128,High,59.5,67.3,5.3,8.9,3.6,1,184.82,1242.79,469,0
ORD-101350,2025-11-24 19:38:42.348232152,West,Standard Class,Electronics,Corporate,1,745,Low,71.9,71.8,4.3,6.1,1.8,1,106.45,66.29,138,0
ORD-101351,2025-11-25 01:28:22.735156772,West,Standard Class,Electronics,Corporate,3,296,Low,70.0,96.0,4.1,5.1,1.0,1,83.9,378.02,84,0
ORD-101352,2025-11-25 07:18:03.122081388,South,First Class,Sports,Retail,7,1043,Low,58.5,51.8,4.4,5.1,0.7,1,147.79,652.25,162,0
ORD-101353,2025-11-25 13:07:43.509006004,South,Standard Class,Electronics,Retail,9,1490,Low,47.0,20.0,5.9,7.7,1.8,1,186.29,591.86,92,0
ORD-101354,2025-11-25 18:57:23.895930620,West,First Class,Home & Kitchen,Retail,20,820,Low,56.9,48.1,3.7,4.2,0.5,1,188.29,2432.43,387,0
ORD-101355,2025-11-26 00:47:04.282855236,North,Same Day,Sports,Corporate,18,259,Low,44.3,72.8,2.6,3.2,0.6,1,82.97,844.53,413,0
ORD-101356,2025-11-26 06:36:44.669779852,East,Second Class,Home & Kitchen,Retail,13,478,Medium,51.5,65.4,3.5,4.8,1.3,1,94.43,589.73,31,1
ORD-101357,2025-11-26 12:26:25.056704468,South,Standard Class,Clothing,Retail,1,907,High,100.0,45.5,5.3,8.4,3.1,1,131.39,113.04,73,0
ORD-101358,2025-11-26 18:16:05.443629084,East,Second Class,Clothing,Retail,3,1500,Low,58.3,42.3,5.4,7.1,1.7,1,174.42,328.09,292,0
ORD-101359,2025-11-27 00:05:45.830553700,North,Standard Class,Sports,Retail,10,1395,Low,63.1,59.3,6.0,7.6,1.6,1,170.9,877.26,76,0
ORD-101360,2025-11-27 05:55:26.217478316,East,Standard Class,Electronics,Wholesale,12,1402,Low,42.3,45.1,5.7,7.0,1.3,1,178.99,1521.11,498,0
ORD-101361,2025-11-27 11:45:06.604402936,South,Second Class,Clothing,Retail,14,1252,Low,73.4,73.3,5.4,6.7,1.3,1,176.94,877.11,246,0
ORD-101362,2025-11-27 17:34:46.991327552,East,Standard Class,Sports,Wholesale,3,871,Medium,68.7,58.4,4.7,6.5,1.8,1,136.09,413.35,253,0
ORD-101363,2025-11-27 23:24:27.378252168,North,Standard Class,Home & Kitchen,Wholesale,18,979,Low,68.8,55.0,5.0,5.9,0.9,1,189.62,692.46,13,1
ORD-101364,2025-11-28 05:14:07.765176784,South,Standard Class,Sports,Wholesale,10,1106,Low,58.9,52.9,5.4,6.5,1.1,1,182.75,495.79,423,0
ORD-101365,2025-11-28 11:03:48.152101400,East,Standard Class,Electronics,Retail,12,1079,Low,73.6,69.2,5.3,6.7,1.4,1,148.88,664.04,435,0
ORD-101366,2025-11-28 16:53:28.539026016,North,Standard Class,Clothing,Corporate,1,965,Low,77.9,65.7,5.2,7.2,2.0,1,112.67,71.51,456,0
ORD-101367,2025-11-28 22:43:08.925950632,North,Second Class,Sports,Wholesale,17,218,Low,60.1,68.2,3.1,3.6,0.5,1,89.41,1309.26,328,0
ORD-101368,2025-11-29 04:32:49.312875248,North,Same Day,Electronics,Retail,11,1322,Low,52.9,67.9,4.3,4.9,0.6,1,198.88,1328.97,169,0
ORD-101369,2025-11-29 10:22:29.699799864,South,Standard Class,Clothing,Retail,5,34,Low,71.1,63.8,3.5,4.5,1.0,1,64.93,565.88,56,0
ORD-101370,2025-11-29 16:12:10.086724480,North,Second Class,Clothing,Wholesale,7,650,Low,38.7,48.5,3.9,4.6,0.7,1,114.76,759.76,196,0
ORD-101371,2025-11-29 22:01:50.473649100,West,Standard Class,Electronics,Retail,8,662,Medium,42.1,53.3,4.5,5.8,1.3,1,120.68,305.49,330,0
ORD-101372,2025-11-30 03:51:30.860573716,South,Standard Class,Clothing,Retail,1,1495,Low,54.0,58.7,5.9,7.2,1.3,1,170.57,162.09,78,0
ORD-101373,2025-11-30 09:41:11.247498332,West,Standard Class,Electronics,Retail,19,152,Medium,23.7,98.0,3.5,4.1,0.6,1,88.61,1385.24,41,0
ORD-101374,2025-11-30 15:30:51.634422948,West,Standard Class,Sports,Retail,17,724,Low,69.9,43.4,4.5,6.1,1.6,1,156.99,1798.31,138,0
ORD-101375,2025-11-30 21:20:32.021347564,North,Standard Class,Electronics,Retail,18,549,Low,37.7,58.3,4.1,4.6,0.5,1,132.56,1889.5,51,0
ORD-101376,2025-12-01 03:10:12.408272180,East,Standard Class,Sports,Wholesale,8,164,Medium,46.5,66.6,3.5,4.0,0.5,1,61.72,419.84,18,1
ORD-101377,2025-12-01 08:59:52.795196796,West,Standard Class,Electronics,Retail,12,351,Medium,51.2,60.1,3.9,5.2,1.3,1,110.27,1018.08,296,0
ORD-101378,2025-12-01 14:49:33.182121412,East,Second Class,Home & Kitchen,Wholesale,10,645,Low,55.7,82.2,4.0,5.4,1.4,1,118.4,1249.22,449,0
ORD-101379,2025-12-01 20:39:13.569046028,South,Standard Class,Electronics,Retail,10,1377,Low,48.8,60.1,6.0,7.4,1.4,1,187.63,641.21,304,0
ORD-101380,2025-12-02 02:28:53.955970648,South,Standard Class,Clothing,Retail,12,594,Medium,53.8,61.2,4.5,5.6,1.1,1,122.85,1252.95,63,0
ORD-101381,2025-12-02 08:18:34.342895264,North,Standard Class,Clothing,Retail,10,1323,High,53.9,78.0,5.7,8.6,2.9,1,191.62,1299.84,210,0
ORD-101382,2025-12-02 14:08:14.729819880,East,Second Class,Electronics,Wholesale,16,1106,Low,47.0,94.0,4.7,5.6,0.9,1,180.49,1141.34,30,1
ORD-101383,2025-12-02 19:57:55.116744496,West,Standard Class,Clothing,Corporate,2,1232,Low,41.1,87.5,5.3,7.1,1.8,1,139.45,180.61,376,0
ORD-101384,2025-12-03 01:47:35.503669112,West,Second Class,Home & Kitchen,Retail,4,1284,Low,74.5,62.8,5.5,7.0,1.5,1,167.74,350.49,147,0
ORD-101385,2025-12-03 07:37:15.890593728,North,Standard Class,Home & Kitchen,Retail,18,1077,Low,17.1,64.2,5.0,5.1,0.1,0,181.45,2045.77,238,0
ORD-101386,2025-12-03 13:26:56.277518344,East,Standard Class,Clothing,Retail,18,1106,Low,51.3,65.7,5.2,6.5,1.3,1,189.9,1414.36,542,0
ORD-101387,2025-12-03 19:16:36.664442960,South,Same Day,Electronics,Retail,17,248,Low,46.6,67.4,2.4,2.9,0.5,1,120.0,1387.73,356,0
ORD-101388,2025-12-04 01:06:17.051367576,West,Standard Class,Sports,Corporate,8,1081,Medium,62.5,51.4,5.1,6.8,1.7,1,148.59,481.39,461,0
ORD-101389,2025-12-04 06:55:57.438292192,North,Standard Class,Sports,Retail,10,91,Low,28.8,80.0,3.2,3.0,-0.2,0,81.21,1291.66,216,0
ORD-101390,2025-12-04 12:45:37.825216812,West,Standard Class,Electronics,Corporate,1,1112,Medium,46.0,68.3,5.1,6.5,1.4,1,117.04,153.13,559,0
ORD-101391,2025-12-04 18:35:18.212141428,West,Same Day,Home & Kitchen,Retail,6,988,Medium,53.2,64.3,3.6,5.8,2.2,1,140.12,581.78,431,0
ORD-101392,2025-12-05 00:24:58.599066044,North,Second Class,Clothing,Retail,15,1141,Medium,74.3,44.7,4.7,6.8,2.1,1,178.11,1928.03,314,0
ORD-101393,2025-12-05 06:14:38.985990660,North,Second Class,Sports,Corporate,7,971,Low,61.0,66.0,4.8,6.1,1.3,1,161.13,730.98,351,0
ORD-101394,2025-12-05 12:04:19.372915276,West,Same Day,Clothing,Retail,10,566,Low,33.7,34.7,2.9,3.3,0.4,1,112.28,1278.13,377,0
ORD-101395,2025-12-05 17:53:59.759839892,North,Standard Class,Clothing,Wholesale,3,567,Low,46.2,55.7,4.1,4.8,0.7,1,104.13,168.05,104,0
ORD-101396,2025-12-05 23:43:40.146764508,East,Same Day,Electronics,Retail,10,902,Low,70.9,56.0,3.6,4.6,1.0,1,126.04,591.24,158,0
ORD-101397,2025-12-06 05:33:20.533689124,West,Standard Class,Sports,Corporate,15,720,Low,33.4,69.6,4.6,5.2,0.6,1,136.49,1807.99,414,0
ORD-101398,2025-12-06 11:23:00.920613740,East,Second Class,Electronics,Retail,12,524,Low,53.6,95.1,3.7,5.0,1.3,1,108.22,914.38,270,0
ORD-101399,2025-12-06 17:12:41.307538356,South,Standard Class,Home & Kitchen,Retail,12,744,Low,54.8,74.2,4.7,6.2,1.5,1,166.92,865.44,472,0
ORD-101400,2025-12-06 23:02:21.694462976,South,Standard Class,Home & Kitchen,Corporate,19,814,Low,48.1,88.2,4.5,5.1,0.6,1,153.26,2051.0,320,0
ORD-101401,2025-12-07 04:52:02.081387592,North,Same Day,Sports,Retail,5,375,High,100.0,75.3,2.8,5.7,2.9,1,93.25,485.65,48,0
ORD-101402,2025-12-07 10:41:42.468312208,West,Standard Class,Electronics,Retail,6,965,Medium,47.6,83.0,5.0,7.1,2.1,1,140.46,435.07,402,0
ORD-101403,2025-12-07 16:31:22.855236824,South,Same Day,Electronics,Wholesale,13,485,Low,63.1,94.7,2.8,4.4,1.6,1,99.82,960.91,369,0
ORD-101404,2025-12-07 22:21:03.242161440,North,Standard Class,Clothing,Retail,10,416,High,41.2,53.3,3.8,6.7,2.9,1,95.99,750.44,225,0
ORD-101405,2025-12-08 04:10:43.629086056,South,Second Class,Sports,Corporate,20,639,Low,64.5,52.2,3.7,4.3,0.6,1,155.91,959.2,476,0
ORD-101406,2025-12-08 10:00:24.016010672,West,Same Day,Home & Kitchen,Wholesale,2,172,Low,70.7,75.7,1.9,3.1,1.2,1,64.53,118.78,216,0
ORD-101407,2025-12-08 15:50:04.402935288,North,Standard Class,Clothing,Wholesale,3,913,Medium,44.4,64.9,4.7,6.3,1.6,1,98.43,285.59,77,0
ORD-101408,2025-12-08 21:39:44.789859904,West,Same Day,Home & Kitchen,Retail,7,1106,Low,54.0,68.5,4.0,5.6,1.6,1,147.59,798.1,81,0
ORD-101409,2025-12-09 03:29:25.176784520,East,Second Class,Electronics,Retail,10,1435,Low,38.9,61.0,5.2,6.7,1.5,1,200.89,791.15,541,0
ORD-101410,2025-12-09 09:19:05.563709140,West,Second Class,Clothing,Corporate,18,440,Low,34.4,55.5,3.3,3.2,-0.1,0,132.19,1298.73,231,0
ORD-101411,2025-12-09 15:08:45.950633756,West,Standard Class,Electronics,Retail,10,817,Low,73.7,90.9,4.5,6.0,1.5,1,154.91,992.5,254,0
ORD-101412,2025-12-09 20:58:26.337558372,West,Second Class,Sports,Retail,9,765,Low,45.0,47.4,4.1,5.2,1.1,1,117.9,472.4,190,0
ORD-101413,2025-12-10 02:48:06.724482988,West,Second Class,Electronics,Retail,4,1102,Low,11.6,76.0,4.7,5.4,0.7,1,156.23,317.75,445,0
ORD-101414,2025-12-10 08:37:47.111407604,North,Standard Class,Electronics,Retail,9,945,Low,86.8,73.4,4.9,6.3,1.4,1,149.51,521.31,367,0
ORD-101415,2025-12-10 14:27:27.498332220,West,Standard Class,Home & Kitchen,Retail,11,1215,Low,40.6,39.7,5.6,6.0,0.4,1,191.95,1102.42,540,0
ORD-101416,2025-12-10 20:17:07.885256836,East,Standard Class,Clothing,Wholesale,12,1279,Low,50.6,51.7,5.8,7.2,1.4,1,182.23,586.46,537,0
ORD-101417,2025-12-11 02:06:48.272181452,East,First Class,Electronics,Wholesale,13,188,Low,84.5,54.4,3.1,3.9,0.8,1,71.65,1013.7,593,0
ORD-101418,2025-12-11 07:56:28.659106068,West,Standard Class,Electronics,Corporate,9,545,Medium,52.4,74.0,3.9,5.1,1.2,1,122.1,841.09,204,0
ORD-101419,2025-12-11 13:46:09.046030688,West,Second Class,Clothing,Retail,4,987,Medium,52.1,59.1,4.4,6.0,1.6,1,130.62,486.41,354,0
ORD-101420,2025-12-11 19:35:49.432955304,East,Same Day,Clothing,Retail,4,825,Low,32.9,63.6,3.5,4.3,0.8,1,115.36,440.08,214,0
ORD-101421,2025-12-12 01:25:29.819879920,South,Standard Class,Electronics,Retail,4,734,Medium,25.6,41.7,4.5,5.4,0.9,1,93.82,520.31,425,0
ORD-101422,2025-12-12 07:15:10.206804536,South,Standard Class,Sports,Wholesale,13,276,Low,52.0,100.0,3.9,4.6,0.7,1,119.27,1302.93,451,0
ORD-101423,2025-12-12 13:04:50.593729152,South,Second Class,Electronics,Retail,18,867,Low,61.5,66.1,4.4,4.9,0.5,1,158.42,1253.12,158,0
ORD-101424,2025-12-12 18:54:30.980653768,South,Standard Class,Sports,Retail,18,1116,Low,60.5,73.0,5.5,7.3,1.8,1,204.62,1059.73,517,0
ORD-101425,2025-12-13 00:44:11.367578384,South,Second Class,Clothing,Retail,7,76,Low,46.3,56.3,3.1,3.3,0.2,0,60.74,284.91,181,0
ORD-101426,2025-12-13 06:33:51.754503000,North,Second Class,Electronics,Wholesale,2,896,Medium,55.4,54.6,4.6,5.9,1.3,1,112.08,149.62,590,0
ORD-101427,2025-12-13 12:23:32.141427616,North,Second Class,Electronics,Wholesale,13,1362,High,21.9,95.6,5.2,7.3,2.1,1,204.33,664.87,511,0
ORD-101428,2025-12-13 18:13:12.528352232,West,Standard Class,Electronics,Corporate,1,869,Low,63.3,34.3,4.8,6.1,1.3,1,118.28,96.15,20,1
ORD-101429,2025-12-14 00:02:52.915276852,South,Second Class,Electronics,Retail,13,1431,Low,57.9,69.5,5.3,7.0,1.7,1,197.92,1365.61,244,0
ORD-101430,2025-12-14 05:52:33.302201468,West,Second Class,Clothing,Corporate,8,542,Low,90.5,45.6,3.5,4.6,1.1,1,98.15,822.21,239,0
ORD-101431,2025-12-14 11:42:13.689126084,East,Standard Class,Home & Kitchen,Retail,17,25,Low,55.1,58.5,3.5,4.1,0.6,1,84.15,1109.59,495,0
ORD-101432,2025-12-14 17:31:54.076050700,North,Second Class,Home & Kitchen,Retail,13,1030,Low,38.0,54.8,4.8,6.0,1.2,1,167.35,1113.96,437,0
ORD-101433,2025-12-14 23:21:34.462975316,North,First Class,Clothing,Retail,15,335,High,54.1,49.2,2.9,5.3,2.4,1,94.88,843.95,39,0
ORD-101434,2025-12-15 05:11:14.849899932,North,Second Class,Clothing,Retail,9,34,Medium,49.1,65.6,3.1,4.0,0.9,1,61.61,746.07,505,0
ORD-101435,2025-12-15 11:00:55.236824548,West,Standard Class,Clothing,Retail,17,286,High,62.8,23.9,3.6,5.7,2.1,1,107.7,1427.36,138,0
ORD-101436,2025-12-15 16:50:35.623749164,North,Standard Class,Home & Kitchen,Retail,11,1403,Low,55.5,60.0,5.4,6.9,1.5,1,191.41,741.95,228,0
ORD-101437,2025-12-15 22:40:16.010673780,East,Standard Class,Electronics,Retail,13,1177,Low,32.3,63.6,5.5,7.0,1.5,1,191.78,810.75,110,0
ORD-101438,2025-12-16 04:29:56.397598396,West,Standard Class,Clothing,Wholesale,8,427,Low,25.6,43.3,3.7,3.9,0.2,0,92.37,1037.29,102,0
ORD-101439,2025-12-16 10:19:36.784523016,West,Standard Class,Clothing,Corporate,9,905,High,59.7,89.2,4.8,8.3,3.5,1,135.1,801.39,320,0
ORD-101440,2025-12-16 16:09:17.171447632,North,Same Day,Electronics,Wholesale,17,522,Low,79.9,55.5,2.9,4.0,1.1,1,167.81,1518.41,59,0
ORD-101441,2025-12-16 21:58:57.558372248,North,Standard Class,Clothing,Retail,8,282,Low,56.4,61.2,3.8,4.5,0.7,1,82.14,294.38,57,0
ORD-101442,2025-12-17 03:48:37.945296864,North,First Class,Home & Kitchen,Retail,1,1483,Low,69.6,55.5,5.2,7.6,2.4,1,169.82,96.76,473,0
ORD-101443,2025-12-17 09:38:18.332221480,North,Standard Class,Home & Kitchen,Wholesale,8,1225,Medium,73.2,63.7,5.5,8.3,2.8,1,165.21,587.78,212,0
ORD-101444,2025-12-17 15:27:58.719146096,North,Standard Class,Electronics,Retail,8,558,Medium,59.8,85.9,4.3,6.5,2.2,1,107.88,1030.89,392,0
ORD-101445,2025-12-17 21:17:39.106070712,East,Standard Class,Clothing,Retail,9,543,Medium,40.3,100.0,4.0,5.2,1.2,1,111.22,481.12,591,0
ORD-101446,2025-12-18 03:07:19.492995328,West,Standard Class,Clothing,Retail,2,1227,Low,58.5,76.9,5.5,7.7,2.2,1,162.76,164.44,40,0
ORD-101447,2025-12-18 08:56:59.879919944,East,First Class,Clothing,Wholesale,3,702,Medium,76.7,82.4,3.4,5.3,1.9,1,116.82,408.25,478,0
ORD-101448,2025-12-18 14:46:40.266844560,East,Same Day,Clothing,Retail,7,578,Low,64.5,92.5,3.2,4.2,1.0,1,123.7,582.28,74,0
ORD-101449,2025-12-18 20:36:20.653769180,North,First Class,Electronics,Wholesale,9,593,Low,68.5,69.0,3.2,3.4,0.2,0,130.45,605.03,458,0
ORD-101450,2025-12-19 02:26:01.040693796,West,Standard Class,Home & Kitchen,Retail,1,681,Low,46.7,90.1,4.4,5.4,1.0,1,103.69,115.69,190,0
ORD-101451,2025-12-19 08:15:41.427618412,East,First Class,Home & Kitchen,Retail,8,792,Low,51.4,77.7,3.6,4.2,0.6,1,134.6,680.95,89,0
ORD-101452,2025-12-19 14:05:21.814543028,West,Standard Class,Sports,Retail,7,79,Low,52.9,67.3,3.2,3.7,0.5,1,80.27,884.07,144,0
ORD-101453,2025-12-19 19:55:02.201467644,West,Same Day,Sports,Retail,1,731,High,54.1,70.6,3.2,5.5,2.3,1,92.99,64.83,225,0
ORD-101454,2025-12-20 01:44:42.588392260,South,Second Class,Clothing,Retail,6,671,Low,76.0,35.9,3.9,5.5,1.6,1,147.33,680.74,440,0
ORD-101455,2025-12-20 07:34:22.975316876,North,Standard Class,Clothing,Wholesale,6,426,Low,12.8,69.7,4.2,4.6,0.4,1,82.79,381.86,411,0
ORD-101456,2025-12-20 13:24:03.362241492,North,Standard Class,Electronics,Retail,3,546,Medium,55.5,40.3,4.2,6.3,2.1,1,91.96,351.28,439,0
ORD-101457,2025-12-20 19:13:43.749166108,South,Standard Class,Sports,Retail,16,648,Medium,53.6,39.0,4.3,5.3,1.0,1,125.17,1867.97,22,1
ORD-101458,2025-12-21 01:03:24.136090728,West,Standard Class,Electronics,Wholesale,2,562,Low,30.3,68.1,4.2,5.2,1.0,1,77.62,248.21,585,0
ORD-101459,2025-12-21 06:53:04.523015344,South,Same Day,Home & Kitchen,Retail,12,1365,Low,67.1,47.2,4.6,5.4,0.8,1,203.17,1448.98,266,0
ORD-101460,2025-12-21 12:42:44.909939960,West,First Class,Clothing,Retail,14,802,Low,42.0,64.9,4.0,4.9,0.9,1,173.25,1469.17,75,0
ORD-101461,2025-12-21 18:32:25.296864576,East,Same Day,Clothing,Retail,17,764,Low,48.6,67.2,3.1,3.7,0.6,1,144.87,847.9,557,0
ORD-101462,2025-12-22 00:22:05.683789192,North,Standard Class,Clothing,Retail,11,409,Medium,88.3,67.9,3.8,5.4,1.6,1,114.23,451.51,477,0
ORD-101463,2025-12-22 06:11:46.070713808,South,Second Class,Home & Kitchen,Retail,11,1377,Low,73.2,50.5,5.4,6.7,1.3,1,193.17,782.41,58,0
ORD-101464,2025-12-22 12:01:26.457638424,East,Standard Class,Electronics,Wholesale,16,54,Low,65.3,79.4,3.4,3.7,0.3,1,102.63,1314.13,267,0
ORD-101465,2025-12-22 17:51:06.844563040,East,Second Class,Electronics,Retail,18,834,Low,61.9,63.6,4.1,4.7,0.6,1,188.54,1172.5,544,0
ORD-101466,2025-12-22 23:40:47.231487656,South,Standard Class,Electronics,Wholesale,5,269,Low,52.0,72.1,3.8,4.2,0.4,1,95.86,535.62,412,0
ORD-101467,2025-12-23 05:30:27.618412272,North,Standard Class,Sports,Retail,16,1158,Low,91.0,45.9,5.1,6.7,1.6,1,184.69,1692.85,124,0
ORD-101468,2025-12-23 11:20:08.005336892,East,Second Class,Home & Kitchen,Wholesale,10,580,High,69.4,62.1,4.1,7.2,3.1,1,125.97,1290.73,423,0
ORD-101469,2025-12-23 17:09:48.392261508,North,Standard Class,Electronics,Wholesale,2,454,Low,41.5,82.6,4.1,4.8,0.7,1,91.51,159.73,121,0
ORD-101470,2025-12-23 22:59:28.779186124,West,Standard Class,Home & Kitchen,Retail,13,105,Medium,29.8,80.5,3.2,4.5,1.3,1,82.36,1428.52,217,0
ORD-101471,2025-12-24 04:49:09.166110740,North,Second Class,Electronics,Retail,20,1190,Low,65.2,52.2,4.9,5.7,0.8,1,184.82,2143.98,125,0
ORD-101472,2025-12-24 10:38:49.553035356,North,Standard Class,Sports,Retail,3,607,Medium,54.0,56.3,4.2,5.5,1.3,1,91.59,405.0,419,0
ORD-101473,2025-12-24 16:28:29.939959972,South,Same Day,Electronics,Corporate,1,411,Low,29.3,49.2,2.7,3.2,0.5,1,89.93,120.82,559,0
ORD-101474,2025-12-24 22:18:10.326884588,East,Second Class,Clothing,Corporate,19,1270,Low,62.7,54.5,5.1,6.6,1.5,1,216.79,1214.95,36,0
ORD-101475,2025-12-25 04:07:50.713809204,South,First Class,Sports,Retail,12,48,Low,50.2,42.6,2.3,2.2,-0.1,0,75.01,438.85,366,0
ORD-101476,2025-12-25 09:57:31.100733820,South,Second Class,Clothing,Wholesale,5,714,Low,64.6,62.8,3.8,5.1,1.3,1,120.07,656.3,156,0
ORD-101477,2025-12-25 15:47:11.487658436,West,Second Class,Electronics,Retail,16,258,High,63.0,75.1,3.4,5.7,2.3,1,122.06,1656.16,452,0
ORD-101478,2025-12-25 21:36:51.874583056,South,Second Class,Home & Kitchen,Retail,8,208,Medium,44.1,52.4,3.2,3.9,0.7,1,59.12,903.82,92,0
ORD-101479,2025-12-26 03:26:32.261507672,South,First Class,Home & Kitchen,Wholesale,7,52,Low,66.4,63.6,2.5,3.2,0.7,1,60.93,774.07,226,0
ORD-101480,2025-12-26 09:16:12.648432288,South,Second Class,Clothing,Retail,6,297,Low,46.0,61.5,3.4,3.8,0.4,1,106.18,638.29,131,0
ORD-101481,2025-12-26 15:05:53.035356904,North,Standard Class,Sports,Retail,12,1422,Low,47.2,81.9,5.7,6.9,1.2,1,197.53,1319.34,525,0
ORD-101482,2025-12-26 20:55:33.422281520,East,Standard Class,Home & Kitchen,Corporate,3,679,Low,45.4,55.2,4.5,5.0,0.5,1,92.71,390.27,58,0
ORD-101483,2025-12-27 02:45:13.809206136,North,Second Class,Electronics,Retail,8,1500,Medium,75.4,55.8,6.0,8.0,2.0,1,194.56,1019.72,353,0
ORD-101484,2025-12-27 08:34:54.196130752,East,Standard Class,Home & Kitchen,Wholesale,7,415,Low,49.9,51.5,4.2,4.6,0.4,1,107.42,509.64,81,0
ORD-101485,2025-12-27 14:24:34.583055368,North,Standard Class,Clothing,Retail,2,1148,Medium,79.7,46.8,5.2,7.7,2.5,1,116.99,110.32,363,0
ORD-101486,2025-12-27 20:14:14.969979984,West,Standard Class,Home & Kitchen,Retail,16,152,Low,87.1,73.5,3.4,4.4,1.0,1,103.69,623.36,463,0
ORD-101487,2025-12-28 02:03:55.356904600,South,Second Class,Electronics,Retail,1,180,High,41.7,62.8,2.6,5.0,2.4,1,53.54,82.83,453,0
ORD-101488,2025-12-28 07:53:35.743829220,West,Standard Class,Clothing,Corporate,20,44,Low,10.0,65.9,3.5,3.5,0.0,0,74.24,2287.78,29,1
ORD-101489,2025-12-28 13:43:16.130753836,South,Second Class,Clothing,Retail,2,1351,Low,73.8,85.4,5.4,6.9,1.5,1,165.07,271.58,466,0
ORD-101490,2025-12-28 19:32:56.517678452,North,First Class,Clothing,Retail,8,1014,Medium,48.8,86.3,4.1,5.4,1.3,1,147.01,617.76,185,0
ORD-101491,2025-12-29 01:22:36.904603068,West,First Class,Home & Kitchen,Wholesale,2,1121,Low,39.4,38.7,4.2,4.7,0.5,1,140.12,160.94,412,0
ORD-101492,2025-12-29 07:12:17.291527684,East,Standard Class,Home & Kitchen,Corporate,8,1393,Low,44.4,75.4,5.5,6.6,1.1,1,176.15,706.81,578,0
ORD-101493,2025-12-29 13:01:57.678452300,West,Second Class,Electronics,Corporate,13,512,Low,47.5,68.6,3.8,4.2,0.4,1,107.06,1498.55,80,0
ORD-101494,2025-12-29 18:51:38.065376916,South,Second Class,Electronics,Retail,2,1090,Low,78.3,57.6,4.8,6.6,1.8,1,124.99,223.63,224,0
ORD-101495,2025-12-30 00:41:18.452301532,East,Standard Class,Clothing,Retail,11,763,High,57.9,70.2,4.7,7.8,3.1,1,128.21,553.99,521,0
ORD-101496,2025-12-30 06:30:58.839226148,West,Second Class,Clothing,Retail,16,823,Medium,78.1,37.4,4.3,6.9,2.6,1,167.84,1135.29,93,0
ORD-101497,2025-12-30 12:20:39.226150768,East,Standard Class,Clothing,Wholesale,10,1000,Low,63.9,88.4,5.2,6.3,1.1,1,157.46,907.65,163,0
ORD-101498,2025-12-30 18:10:19.613075384,South,Same Day,Home & Kitchen,Corporate,3,715,High,49.4,73.2,3.3,6.5,3.2,1,108.97,279.85,333,0
ORD-101499,2025-12-31 00:00:00.000000000,East,Standard Class,Home & Kitchen,Wholesale,14,55,Low,48.0,51.2,3.4,4.2,0.8,1,70.76,1596.39,597,0
